DATE,PMMS_30Y,Treasury_10Y,Spread_bps
2000-01-12,8.15,6.72,143.00000000000006
2000-01-19,8.18,6.73,144.99999999999994
2000-01-26,8.26,6.69,156.99999999999994
2000-02-02,8.25,6.6,165.00000000000003
2000-02-09,8.25,6.56,169.00000000000003
2000-02-16,8.36,6.56,179.99999999999997
2000-02-23,8.38,6.44,194.00000000000003
2000-03-01,8.31,6.39,192.00000000000009
2000-03-08,8.27,6.38,188.99999999999997
2000-03-15,8.23,6.29,194.00000000000003
2000-03-22,8.24,6.13,211.00000000000003
2000-03-29,8.23,6.18,205.00000000000006
2000-04-05,8.23,5.9,233.0
2000-04-12,8.2,5.97,222.99999999999994
2000-04-19,8.12,5.99,212.9999999999999
2000-04-26,8.16,6.14,202.00000000000006
2000-05-03,8.13,6.4,173.00000000000006
2000-05-10,8.28,6.47,180.99999999999997
2000-05-17,8.52,6.48,203.99999999999991
2000-05-24,8.64,6.47,217.00000000000009
2000-05-31,8.62,6.29,232.99999999999991
2000-06-07,8.54,6.13,240.99999999999991
2000-06-14,8.32,6.06,226.00000000000006
2000-06-21,8.22,6.11,211.00000000000003
2000-06-28,8.14,6.11,203.00000000000003
2000-07-05,8.22,5.99,223.00000000000006
2000-07-12,8.16,6.09,207.00000000000003
2000-07-19,8.09,6.16,192.99999999999997
2000-07-26,8.21,6.04,217.00000000000009
2000-08-02,8.13,5.98,215.00000000000003
2000-08-09,8.12,5.81,230.99999999999997
2000-08-16,8.04,5.83,220.99999999999991
2000-08-23,7.96,5.73,222.99999999999994
2000-08-30,7.99,5.81,218.00000000000006
2000-09-06,7.96,5.72,224.00000000000003
2000-09-13,7.94,5.74,220.00000000000003
2000-09-20,7.88,5.91,196.99999999999997
2000-09-27,7.9,5.83,207.00000000000003
2000-10-04,7.88,5.9,197.99999999999994
2000-10-11,7.83,5.77,206.00000000000006
2000-10-18,7.84,5.66,217.99999999999997
2000-10-25,7.83,5.67,216.0
2000-11-01,7.68,5.74,193.99999999999994
2000-11-08,7.73,5.87,186.00000000000003
2000-11-15,7.79,5.72,207.00000000000003
2000-11-22,7.73,5.62,211.00000000000003
2000-11-29,7.73,5.55,218.00000000000006
2000-12-06,7.65,5.32,233.0
2000-12-13,7.54,5.29,225.0
2000-12-20,7.42,5.08,234.0
2000-12-27,7.17,5.11,205.99999999999997
2001-01-03,7.13,5.14,199.00000000000003
2001-01-10,7.07,5.1,197.00000000000006
2001-01-17,6.89,5.19,169.99999999999994
2001-01-24,7.02,5.33,168.99999999999994
2001-01-31,7.15,5.19,196.0
2001-02-07,7.09,5.1,199.00000000000003
2001-02-14,6.98,5.13,185.00000000000006
2001-02-21,7.01,5.14,187.0
2001-02-28,7.12,4.92,220.00000000000003
2001-03-07,7.03,4.92,211.00000000000003
2001-03-14,6.97,4.84,213.0
2001-03-21,6.96,4.77,219.00000000000003
2001-03-28,6.89,4.97,192.0
2001-04-04,6.91,4.94,196.99999999999997
2001-04-11,7.01,5.12,188.99999999999997
2001-04-18,7.04,5.14,190.00000000000003
2001-04-25,7.14,5.28,185.99999999999994
2001-05-02,7.12,5.31,181.00000000000006
2001-05-09,7.14,5.2,193.99999999999994
2001-05-16,7.1,5.48,161.99999999999991
2001-05-23,7.14,5.41,172.99999999999994
2001-05-30,7.2,5.54,166.0
2001-06-06,7.24,5.27,197.00000000000006
2001-06-13,7.2,5.28,192.0
2001-06-20,7.14,5.24,189.99999999999994
2001-06-27,7.11,5.26,185.00000000000006
2001-07-04,7.11,5.41,170.00000000000003
2001-07-11,7.19,5.31,188.00000000000009
2001-07-18,7.21,5.12,209.0
2001-07-25,7.08,5.2,188.0
2001-08-01,7.03,5.11,192.0
2001-08-08,7.0,4.99,200.99999999999997
2001-08-15,7.0,5.0,200.0
2001-08-22,6.92,4.91,200.99999999999997
2001-08-29,6.91,4.78,213.0
2001-09-05,6.92,4.97,195.00000000000003
2001-09-12,6.89,4.84,204.99999999999997
2001-09-19,6.86,4.69,217.0
2001-09-26,6.8,4.65,214.99999999999994
2001-10-03,6.72,4.5,221.99999999999997
2001-10-10,6.64,4.61,202.99999999999994
2001-10-17,6.58,4.59,199.00000000000003
2001-10-24,6.61,4.61,200.0
2001-10-31,6.64,4.3,234.0
2001-11-07,6.56,4.22,234.0
2001-11-14,6.45,4.54,191.0
2001-11-21,6.51,4.98,152.99999999999994
2001-11-28,6.75,4.98,176.99999999999994
2001-12-05,7.02,4.92,209.99999999999997
2001-12-12,6.84,5.02,182.00000000000003
2001-12-19,7.09,5.08,200.99999999999997
2001-12-26,7.17,5.22,195.00000000000003
2002-01-02,7.16,5.2,196.0
2002-01-09,7.14,5.1,204.0
2002-01-16,7.06,4.88,217.99999999999997
2002-01-23,6.83,5.05,178.00000000000003
2002-01-30,6.96,5.02,194.00000000000003
2002-02-06,7.02,4.92,209.99999999999997
2002-02-13,6.88,5.01,187.0
2002-02-20,6.86,4.88,198.00000000000006
2002-02-27,6.81,4.84,196.99999999999997
2002-03-06,6.8,5.06,174.00000000000003
2002-03-13,6.87,5.28,159.0
2002-03-20,7.08,5.4,167.99999999999997
2002-03-27,7.14,5.35,179.0
2002-04-03,7.18,5.3,188.0
2002-04-10,7.13,5.24,188.99999999999997
2002-04-17,6.99,5.24,175.0
2002-04-24,6.94,5.11,183.0
2002-05-01,6.88,5.08,179.99999999999997
2002-05-08,6.78,5.24,154.0
2002-05-15,6.79,5.28,150.99999999999997
2002-05-22,6.89,5.13,175.99999999999997
2002-05-29,6.81,5.11,169.99999999999994
2002-06-05,6.76,5.08,167.99999999999997
2002-06-12,6.71,4.98,172.99999999999994
2002-06-19,6.71,4.76,195.00000000000003
2002-06-26,6.63,4.75,188.0
2002-07-03,6.55,4.78,176.99999999999994
2002-07-10,6.57,4.66,191.0
2002-07-17,6.54,4.71,183.0
2002-07-24,6.49,4.49,200.0
2002-07-31,6.34,4.51,183.0
2002-08-07,6.43,4.35,208.0
2002-08-14,6.31,4.06,225.0
2002-08-21,6.22,4.2,201.99999999999994
2002-08-28,6.27,4.22,204.99999999999997
2002-09-04,6.22,3.96,225.99999999999997
2002-09-11,6.15,4.07,208.0
2002-09-18,6.18,3.86,231.99999999999997
2002-09-25,6.05,3.77,227.99999999999997
2002-10-02,5.99,3.71,228.00000000000003
2002-10-09,6.01,3.61,240.0
2002-10-16,5.98,4.06,192.00000000000009
2002-10-23,6.15,4.26,189.00000000000006
2002-10-30,6.31,3.99,231.99999999999994
2002-11-06,6.13,4.09,204.0
2002-11-13,6.11,3.84,227.00000000000006
2002-11-20,5.94,4.08,186.00000000000003
2002-11-27,6.03,4.26,177.00000000000006
2002-12-04,6.13,4.18,195.00000000000003
2002-12-11,6.19,4.01,218.00000000000006
2002-12-18,6.04,4.06,198.00000000000006
2002-12-25,6.03,3.95,208.0
2003-01-01,5.93,3.83,209.99999999999997
2003-01-08,5.85,4.0,184.99999999999997
2003-01-15,5.95,4.1,185.00000000000006
2003-01-22,5.97,3.95,201.99999999999994
2003-01-29,5.91,4.06,185.00000000000006
2003-02-05,5.9,4.02,188.00000000000009
2003-02-12,5.88,3.93,194.99999999999997
2003-02-19,5.86,3.88,198.00000000000006
2003-02-26,5.84,3.78,206.0
2003-03-05,5.79,3.63,216.0
2003-03-12,5.67,3.6,206.99999999999997
2003-03-19,5.61,3.98,163.00000000000003
2003-03-26,5.79,3.96,183.0
2003-04-02,5.91,3.94,197.00000000000003
2003-04-09,5.79,3.93,186.0
2003-04-16,5.85,3.96,188.99999999999997
2003-04-23,5.82,4.02,180.00000000000006
2003-04-30,5.79,3.89,190.0
2003-05-07,5.7,3.72,198.0
2003-05-14,5.62,3.53,209.00000000000003
2003-05-21,5.45,3.39,206.0
2003-05-28,5.34,3.44,190.0
2003-06-04,5.31,3.3,200.99999999999997
2003-06-11,5.26,3.21,204.99999999999997
2003-06-18,5.21,3.37,184.0
2003-06-25,5.21,3.38,183.0
2003-07-02,5.24,3.56,168.00000000000003
2003-07-09,5.4,3.73,167.00000000000003
2003-07-16,5.52,3.97,154.99999999999994
2003-07-23,5.67,4.12,154.99999999999997
2003-07-30,5.94,4.34,160.00000000000006
2003-08-06,6.14,4.32,181.99999999999994
2003-08-13,6.34,4.58,175.99999999999997
2003-08-20,6.24,4.45,179.0
2003-08-27,6.28,4.54,174.00000000000003
2003-09-03,6.32,4.6,172.00000000000006
2003-09-10,6.44,4.28,216.0
2003-09-17,6.16,4.2,196.0
2003-09-24,6.01,4.16,184.99999999999997
2003-10-01,5.98,3.96,202.00000000000006
2003-10-08,5.77,4.27,150.0
2003-10-15,5.95,4.43,152.00000000000006
2003-10-22,6.05,4.29,175.99999999999997
2003-10-29,6.05,4.31,174.00000000000003
2003-11-05,5.94,4.38,156.00000000000006
2003-11-12,5.98,4.44,154.0
2003-11-19,6.03,4.24,179.0
2003-11-26,5.83,4.25,158.0
2003-12-03,5.89,4.41,147.99999999999994
2003-12-10,6.02,4.3,171.99999999999997
2003-12-17,5.88,4.19,168.99999999999994
2003-12-24,5.82,4.2,162.0
2003-12-31,5.85,4.27,158.0
2004-01-14,5.87,4.01,186.00000000000003
2004-01-21,5.66,4.05,161.00000000000003
2004-01-28,5.64,4.22,142.0
2004-02-04,5.68,4.15,152.99999999999994
2004-02-11,5.72,4.05,167.0
2004-02-18,5.66,4.05,161.00000000000003
2004-02-25,5.58,4.02,156.00000000000006
2004-03-03,5.58,4.07,150.99999999999997
2004-03-10,5.59,3.74,184.99999999999997
2004-03-17,5.41,3.71,170.00000000000003
2004-03-24,5.38,3.73,165.0
2004-03-31,5.4,3.86,154.00000000000006
2004-04-07,5.52,4.19,132.99999999999991
2004-04-14,5.79,4.4,138.99999999999997
2004-04-21,5.89,4.45,143.99999999999994
2004-04-28,5.94,4.5,144.00000000000003
2004-05-05,6.01,4.61,139.99999999999994
2004-05-12,6.12,4.83,129.0
2004-05-19,6.34,4.79,154.99999999999997
2004-05-26,6.3,4.67,163.0
2004-06-02,6.32,4.74,158.0
2004-06-09,6.28,4.82,146.0
2004-06-16,6.3,4.74,155.99999999999997
2004-06-23,6.32,4.71,161.00000000000003
2004-06-30,6.25,4.62,163.0
2004-07-07,6.21,4.5,171.0
2004-07-14,6.01,4.5,150.99999999999997
2004-07-21,6.0,4.5,150.0
2004-07-28,5.98,4.61,137.0
2004-08-04,6.08,4.45,163.0
2004-08-11,5.99,4.3,169.00000000000003
2004-08-18,5.85,4.23,161.99999999999991
2004-08-25,5.81,4.26,154.99999999999997
2004-09-01,5.82,4.13,169.00000000000003
2004-09-08,5.77,4.18,159.0
2004-09-15,5.83,4.18,165.00000000000003
2004-09-22,5.75,4.0,175.0
2004-09-29,5.7,4.1,160.00000000000006
2004-10-06,5.72,4.23,148.99999999999994
2004-10-13,5.82,4.09,173.00000000000006
2004-10-20,5.74,4.01,173.00000000000006
2004-10-27,5.69,4.11,158.0
2004-11-03,5.64,4.09,154.99999999999997
2004-11-10,5.7,4.25,145.00000000000003
2004-11-17,5.76,4.14,162.0
2004-11-24,5.72,4.2,151.99999999999994
2004-12-08,5.81,4.14,167.0
2004-12-15,5.71,4.09,162.0
2004-12-22,5.75,4.21,154.0
2004-12-29,5.81,4.33,147.99999999999994
2005-01-12,5.77,4.25,151.99999999999994
2005-01-19,5.74,4.2,154.0
2005-01-26,5.67,4.21,146.0
2005-02-02,5.66,4.15,150.99999999999997
2005-02-09,5.63,4.0,163.0
2005-02-16,5.57,4.16,141.0
2005-02-23,5.62,4.27,135.00000000000006
2005-03-02,5.69,4.38,131.00000000000006
2005-03-09,5.79,4.52,127.00000000000004
2005-03-16,5.85,4.52,133.0
2005-03-23,5.95,4.61,134.0
2005-03-30,6.01,4.56,145.00000000000003
2005-04-06,6.04,4.44,159.99999999999997
2005-04-13,5.93,4.38,154.99999999999997
2005-04-20,5.91,4.22,169.00000000000003
2005-04-27,5.8,4.25,154.99999999999997
2005-05-04,5.78,4.2,158.0
2005-05-11,5.75,4.21,154.0
2005-05-18,5.77,4.07,169.99999999999994
2005-05-25,5.71,4.08,163.0
2005-06-01,5.65,3.91,174.00000000000003
2005-06-08,5.62,3.95,167.0
2005-06-15,5.56,4.12,143.99999999999994
2005-06-22,5.63,3.95,167.99999999999997
2005-06-29,5.57,3.99,158.0
2005-07-06,5.53,4.08,145.00000000000003
2005-07-13,5.62,4.17,145.00000000000003
2005-07-20,5.66,4.17,149.00000000000003
2005-07-27,5.73,4.27,146.00000000000009
2005-08-03,5.77,4.3,146.99999999999997
2005-08-10,5.82,4.4,142.0
2005-08-17,5.89,4.28,160.99999999999994
2005-08-24,5.8,4.19,160.99999999999994
2005-08-31,5.77,4.02,175.0
2005-09-07,5.71,4.15,155.99999999999997
2005-09-14,5.71,4.17,154.0
2005-09-21,5.74,4.19,154.99999999999997
2005-09-28,5.8,4.26,154.0
2005-10-05,5.91,4.36,154.99999999999997
2005-10-12,5.98,4.45,153.00000000000003
2005-10-19,6.03,4.47,156.00000000000006
2005-10-26,6.1,4.6,150.0
2005-11-02,6.15,4.61,154.0
2005-11-09,6.31,4.64,167.0
2005-11-16,6.36,4.49,187.0
2005-11-23,6.28,4.47,181.00000000000006
2005-12-07,6.26,4.52,174.00000000000003
2005-12-14,6.32,4.45,187.0
2005-12-21,6.3,4.49,180.99999999999997
2005-12-28,6.26,4.38,188.0
2006-01-04,6.22,4.36,185.99999999999994
2006-01-11,6.21,4.46,175.0
2006-01-18,6.15,4.34,181.00000000000006
2006-01-25,6.1,4.49,160.99999999999994
2006-02-01,6.12,4.57,154.99999999999997
2006-02-08,6.23,4.56,167.00000000000009
2006-02-15,6.24,4.61,163.0
2006-02-22,6.28,4.53,175.0
2006-03-01,6.26,4.59,167.0
2006-03-08,6.24,4.73,150.99999999999997
2006-03-15,6.37,4.73,163.99999999999997
2006-03-22,6.34,4.7,163.99999999999997
2006-03-29,6.32,4.81,151.00000000000006
2006-04-05,6.35,4.84,150.99999999999997
2006-04-12,6.43,4.98,144.99999999999994
2006-04-19,6.49,5.04,145.00000000000003
2006-04-26,6.53,5.12,141.0
2006-05-03,6.58,5.15,142.99999999999997
2006-05-10,6.59,5.13,146.0
2006-05-17,6.58,5.16,142.0
2006-05-24,6.6,5.03,156.99999999999994
2006-05-31,6.62,5.12,150.0
2006-06-07,6.67,5.02,165.00000000000003
2006-06-14,6.62,5.05,157.00000000000003
2006-06-21,6.63,5.16,146.99999999999997
2006-06-28,6.71,5.25,146.0
2006-07-05,6.78,5.23,154.99999999999997
2006-07-12,6.79,5.1,169.00000000000003
2006-07-19,6.74,5.06,168.00000000000006
2006-07-26,6.8,5.04,175.99999999999997
2006-08-02,6.72,4.96,175.99999999999997
2006-08-09,6.63,4.92,171.0
2006-08-16,6.55,4.87,167.99999999999997
2006-08-23,6.52,4.82,169.99999999999994
2006-08-30,6.48,4.76,172.00000000000006
2006-09-06,6.44,4.8,164.00000000000006
2006-09-13,6.47,4.77,170.00000000000003
2006-09-20,6.43,4.73,169.99999999999994
2006-09-27,6.4,4.6,180.00000000000006
2006-10-04,6.31,4.57,173.99999999999994
2006-10-11,6.3,4.78,151.99999999999994
2006-10-18,6.37,4.77,160.00000000000006
2006-10-25,6.36,4.78,158.0
2006-11-01,6.4,4.57,183.0
2006-11-08,6.31,4.64,167.0
2006-11-15,6.33,4.61,171.99999999999997
2006-11-22,6.18,4.57,160.99999999999994
2006-12-06,6.14,4.48,165.99999999999991
2006-12-13,6.11,4.58,153.00000000000003
2006-12-20,6.12,4.6,152.00000000000006
2006-12-27,6.13,4.66,146.99999999999997
2007-01-03,6.18,4.67,150.99999999999997
2007-01-10,6.18,4.69,148.99999999999994
2007-01-17,6.21,4.79,142.0
2007-01-24,6.23,4.81,142.00000000000009
2007-01-31,6.25,4.83,142.0
2007-02-07,6.34,4.74,159.99999999999997
2007-02-14,6.28,4.74,154.0
2007-02-21,6.3,4.69,160.99999999999994
2007-02-28,6.22,4.56,166.0
2007-03-07,6.18,4.5,167.99999999999997
2007-03-14,6.14,4.53,160.99999999999994
2007-03-21,6.14,4.53,160.99999999999994
2007-03-28,6.16,4.62,154.0
2007-04-04,6.16,4.66,150.0
2007-04-11,6.17,4.74,142.99999999999997
2007-04-18,6.22,4.66,155.99999999999997
2007-04-25,6.17,4.66,150.99999999999997
2007-05-02,6.16,4.65,150.99999999999997
2007-05-09,6.16,4.67,149.00000000000003
2007-05-16,6.15,4.71,144.00000000000003
2007-05-23,6.21,4.86,134.99999999999997
2007-05-30,6.37,4.88,149.00000000000003
2007-06-06,6.42,4.97,145.00000000000003
2007-06-13,6.53,5.2,133.0
2007-06-20,6.74,5.14,160.00000000000006
2007-06-27,6.69,5.09,160.00000000000006
2007-07-04,6.67,5.05,162.0
2007-07-11,6.63,5.09,154.0
2007-07-18,6.73,5.02,171.00000000000009
2007-07-25,6.73,4.92,181.00000000000006
2007-08-01,6.69,4.76,193.00000000000006
2007-08-08,6.68,4.84,184.0
2007-08-15,6.59,4.69,189.99999999999994
2007-08-22,6.62,4.63,199.00000000000003
2007-08-29,6.52,4.57,194.99999999999994
2007-09-05,6.45,4.48,196.99999999999997
2007-09-12,6.46,4.41,204.99999999999997
2007-09-19,6.31,4.53,177.99999999999994
2007-09-26,6.34,4.63,171.0
2007-10-03,6.42,4.55,187.0
2007-10-10,6.37,4.65,171.99999999999997
2007-10-17,6.4,4.57,183.0
2007-10-24,6.4,4.36,204.0
2007-10-31,6.33,4.48,184.99999999999997
2007-11-07,6.26,4.34,192.0
2007-11-14,6.24,4.28,196.0
2007-11-21,6.2,4.0,220.00000000000003
2007-12-05,6.1,3.92,217.99999999999997
2007-12-12,5.96,4.05,191.0
2007-12-19,6.11,4.06,205.00000000000006
2007-12-26,6.14,4.3,184.0
2008-01-02,6.17,3.91,225.99999999999997
2008-01-09,6.07,3.82,225.00000000000006
2008-01-16,5.87,3.74,213.0
2008-01-23,5.69,3.51,218.00000000000006
2008-01-30,5.48,3.78,170.00000000000006
2008-02-06,5.68,3.61,206.99999999999997
2008-02-13,5.67,3.7,196.99999999999997
2008-02-20,5.72,3.93,178.99999999999997
2008-02-27,6.04,3.85,219.0
2008-03-05,6.24,3.7,254.0
2008-03-12,6.03,3.49,254.0
2008-03-19,6.13,3.38,275.0
2008-03-26,5.87,3.51,236.00000000000003
2008-04-02,5.85,3.6,224.99999999999994
2008-04-09,5.88,3.49,238.99999999999997
2008-04-16,5.88,3.72,215.99999999999997
2008-04-23,5.88,3.77,211.0
2008-04-30,6.03,3.77,226.00000000000003
2008-05-07,6.06,3.87,218.99999999999994
2008-05-14,6.05,3.92,213.0
2008-05-21,6.01,3.81,219.99999999999997
2008-05-28,5.98,4.03,195.00000000000003
2008-06-04,6.08,3.98,210.0
2008-06-11,6.09,4.1,199.00000000000003
2008-06-18,6.32,4.16,216.0
2008-06-25,6.42,4.12,229.99999999999997
2008-07-02,6.45,3.99,246.0
2008-07-09,6.35,3.85,249.99999999999994
2008-07-16,6.37,3.97,240.0
2008-07-23,6.26,4.16,209.99999999999997
2008-07-30,6.63,4.07,255.99999999999997
2008-08-06,6.52,4.06,246.0
2008-08-13,6.52,3.94,257.99999999999994
2008-08-20,6.52,3.79,272.99999999999994
2008-08-27,6.47,3.77,270.0
2008-09-03,6.4,3.71,269.00000000000006
2008-09-10,6.35,3.65,270.0
2008-09-17,5.93,3.41,251.99999999999994
2008-09-24,5.78,3.8,198.00000000000006
2008-10-01,6.09,3.77,231.99999999999997
2008-10-08,6.1,3.72,237.99999999999994
2008-10-15,5.94,4.04,190.00000000000003
2008-10-22,6.46,3.65,281.0
2008-10-29,6.04,3.93,211.0
2008-11-05,6.46,3.73,273.0
2008-11-12,6.2,3.75,245.00000000000003
2008-11-19,6.14,3.38,276.0
2008-11-26,5.97,2.99,297.99999999999994
2008-12-10,5.53,2.69,284.00000000000006
2008-12-17,5.47,2.2,326.99999999999994
2008-12-24,5.14,2.2,293.99999999999994
2008-12-31,5.1,2.25,284.99999999999994
2009-01-14,5.01,2.24,276.99999999999994
2009-01-21,4.96,2.56,240.0
2009-01-28,5.12,2.71,241.0
2009-02-04,5.1,2.95,214.99999999999994
2009-02-11,5.25,2.78,247.00000000000003
2009-02-18,5.16,2.74,242.0
2009-02-25,5.04,2.95,209.0
2009-03-04,5.07,3.01,206.00000000000006
2009-03-11,5.15,2.95,220.00000000000003
2009-03-18,5.03,2.51,252.00000000000006
2009-03-25,4.98,2.81,217.00000000000003
2009-04-01,4.85,2.68,216.99999999999994
2009-04-08,4.78,2.86,192.00000000000003
2009-04-15,4.87,2.82,205.00000000000003
2009-04-22,4.82,2.98,184.00000000000003
2009-04-29,4.8,3.12,167.99999999999997
2009-05-06,4.78,3.18,160.0
2009-05-13,4.84,3.11,173.0
2009-05-20,4.86,3.19,167.00000000000003
2009-05-27,4.82,3.71,111.00000000000003
2009-06-03,4.91,3.56,135.0
2009-06-10,5.29,3.98,131.0
2009-06-17,5.59,3.68,190.99999999999997
2009-06-24,5.38,3.72,165.99999999999997
2009-07-01,5.42,3.55,187.0
2009-07-08,5.32,3.33,199.00000000000003
2009-07-15,5.2,3.63,157.00000000000003
2009-07-22,5.14,3.58,155.99999999999997
2009-07-29,5.2,3.69,151.00000000000003
2009-08-05,5.25,3.8,145.00000000000003
2009-08-12,5.22,3.72,149.99999999999994
2009-08-19,5.29,3.45,184.0
2009-08-26,5.12,3.44,168.00000000000003
2009-09-02,5.14,3.29,184.99999999999997
2009-09-09,5.08,3.48,160.0
2009-09-16,5.07,3.48,159.00000000000003
2009-09-23,5.04,3.44,160.0
2009-09-30,5.04,3.31,173.0
2009-10-07,4.94,3.21,173.00000000000006
2009-10-14,4.87,3.45,142.0
2009-10-21,4.92,3.42,150.0
2009-10-28,5.0,3.44,156.0
2009-11-04,5.03,3.57,146.00000000000003
2009-11-11,4.98,3.5,148.00000000000006
2009-11-18,4.91,3.36,155.00000000000003
2009-11-25,4.78,3.28,150.00000000000006
2009-12-09,4.71,3.45,125.99999999999997
2009-12-16,4.81,3.61,119.99999999999997
2009-12-23,4.94,3.77,117.00000000000004
2009-12-30,5.05,3.8,125.0
2010-01-06,5.14,3.85,128.99999999999997
2010-01-13,5.09,3.8,129.0
2010-01-20,5.06,3.68,137.99999999999994
2010-01-27,4.99,3.66,133.0
2010-02-03,4.98,3.73,125.00000000000004
2010-02-10,5.01,3.72,128.99999999999997
2010-02-17,4.97,3.74,122.99999999999996
2010-02-24,4.93,3.7,122.99999999999996
2010-03-03,5.05,3.63,142.0
2010-03-10,4.97,3.73,123.99999999999997
2010-03-17,4.95,3.65,130.00000000000003
2010-03-24,4.96,3.84,112.00000000000001
2010-03-31,4.99,3.84,115.00000000000003
2010-04-07,5.08,3.89,119.0
2010-04-14,5.21,3.88,133.0
2010-04-21,5.07,3.77,130.00000000000003
2010-04-28,5.07,3.8,127.00000000000004
2010-05-05,5.06,3.58,147.99999999999994
2010-05-12,5.0,3.56,144.0
2010-05-19,4.93,3.36,156.99999999999997
2010-05-26,4.84,3.21,163.0
2010-06-02,4.78,3.35,143.00000000000003
2010-06-09,4.79,3.2,159.0
2010-06-16,4.72,3.27,144.99999999999997
2010-06-23,4.75,3.13,162.0
2010-06-30,4.69,2.97,172.00000000000003
2010-07-07,4.58,3.0,158.0
2010-07-14,4.57,3.07,150.00000000000006
2010-07-21,4.57,2.9,167.00000000000003
2010-07-28,4.56,3.03,152.99999999999997
2010-08-04,4.54,2.98,156.0
2010-08-11,4.49,2.72,177.0
2010-08-18,4.44,2.64,180.00000000000003
2010-08-25,4.42,2.54,188.0
2010-09-01,4.36,2.58,178.00000000000003
2010-09-08,4.32,2.66,166.0
2010-09-15,4.35,2.74,160.99999999999994
2010-09-22,4.37,2.56,181.0
2010-09-29,4.37,2.52,185.0
2010-10-06,4.32,2.41,191.0
2010-10-13,4.27,2.46,180.99999999999997
2010-10-20,4.19,2.51,168.00000000000006
2010-10-27,4.21,2.75,146.0
2010-11-03,4.23,2.67,156.00000000000006
2010-11-10,4.24,2.65,159.00000000000003
2010-11-17,4.17,2.89,127.99999999999999
2010-11-24,4.4,2.93,147.00000000000003
2010-12-08,4.46,3.26,120.00000000000001
2010-12-15,4.61,3.53,108.00000000000006
2010-12-22,4.83,3.36,147.00000000000003
2010-12-29,4.81,3.35,145.99999999999994
2011-01-05,4.86,3.5,136.00000000000003
2011-01-12,4.77,3.4,136.99999999999997
2011-01-19,4.71,3.37,134.0
2011-01-26,4.74,3.45,129.0
2011-02-02,4.8,3.52,127.99999999999999
2011-02-09,4.81,3.65,115.99999999999997
2011-02-16,5.05,3.62,142.99999999999997
2011-02-23,5.0,3.49,150.99999999999997
2011-03-02,4.95,3.46,149.00000000000003
2011-03-09,4.87,3.48,139.0
2011-03-16,4.88,3.22,165.99999999999997
2011-03-23,4.76,3.36,140.0
2011-03-30,4.81,3.47,133.99999999999994
2011-04-06,4.86,3.56,130.00000000000003
2011-04-13,4.87,3.49,138.0
2011-04-20,4.91,3.43,148.0
2011-04-27,4.8,3.39,140.99999999999997
2011-05-04,4.78,3.25,153.00000000000003
2011-05-11,4.71,3.19,152.0
2011-05-18,4.63,3.18,144.99999999999997
2011-05-25,4.61,3.13,148.00000000000006
2011-06-01,4.6,2.96,163.99999999999997
2011-06-08,4.55,2.98,156.99999999999997
2011-06-15,4.49,2.98,151.00000000000003
2011-06-22,4.5,3.01,149.00000000000003
2011-06-29,4.5,3.14,136.0
2011-07-06,4.51,3.12,138.99999999999997
2011-07-13,4.6,2.92,167.99999999999997
2011-07-20,4.51,2.96,154.99999999999997
2011-07-27,4.52,3.01,150.99999999999997
2011-08-03,4.55,2.64,190.99999999999997
2011-08-10,4.39,2.17,221.99999999999997
2011-08-17,4.32,2.17,215.00000000000003
2011-08-24,4.15,2.29,186.00000000000003
2011-08-31,4.22,2.23,198.99999999999997
2011-09-07,4.22,2.05,217.0
2011-09-14,4.12,2.03,209.00000000000003
2011-09-21,4.09,1.88,221.0
2011-09-28,4.09,2.03,206.0
2011-10-05,4.01,1.92,209.0
2011-10-12,3.94,2.24,169.99999999999997
2011-10-19,4.12,2.18,194.0
2011-10-26,4.11,2.23,188.00000000000003
2011-11-02,4.1,2.03,206.99999999999997
2011-11-09,4.0,2.0,200.0
2011-11-16,3.99,2.01,198.00000000000006
2011-11-23,3.98,1.89,209.0
2011-12-07,4.0,2.02,198.0
2011-12-14,3.99,1.92,207.00000000000003
2011-12-21,3.94,1.98,196.0
2011-12-28,3.91,1.93,198.00000000000003
2012-01-04,3.95,2.0,195.00000000000003
2012-01-11,3.91,1.93,198.00000000000003
2012-01-18,3.89,1.92,197.00000000000003
2012-01-25,3.88,2.01,187.0
2012-02-01,3.98,1.87,211.0
2012-02-08,3.87,2.01,186.00000000000003
2012-02-15,3.87,1.93,194.00000000000003
2012-02-22,3.87,2.01,186.00000000000003
2012-02-29,3.95,1.98,197.00000000000003
2012-03-07,3.9,1.98,192.0
2012-03-14,3.88,2.29,159.0
2012-03-21,3.92,2.31,161.0
2012-03-28,4.08,2.21,187.0
2012-04-04,3.99,2.25,174.00000000000003
2012-04-11,3.98,2.05,193.00000000000003
2012-04-18,3.88,2.0,188.0
2012-04-25,3.9,2.01,189.0
2012-05-02,3.88,1.96,192.0
2012-05-09,3.84,1.87,196.99999999999997
2012-05-16,3.83,1.76,207.00000000000003
2012-05-23,3.79,1.73,206.0
2012-05-30,3.78,1.63,215.0
2012-06-06,3.75,1.66,209.0
2012-06-13,3.67,1.61,205.99999999999997
2012-06-20,3.71,1.65,206.0
2012-06-27,3.66,1.65,201.00000000000003
2012-07-04,3.66,1.65,201.00000000000003
2012-07-11,3.62,1.54,208.0
2012-07-18,3.56,1.52,204.0
2012-07-25,3.53,1.43,209.99999999999997
2012-08-01,3.49,1.56,193.00000000000003
2012-08-08,3.55,1.68,187.0
2012-08-15,3.59,1.8,178.99999999999997
2012-08-22,3.62,1.71,191.0
2012-08-29,3.66,1.66,200.0
2012-09-05,3.59,1.6,198.99999999999997
2012-09-12,3.55,1.77,177.99999999999997
2012-09-19,3.55,1.79,175.99999999999997
2012-09-26,3.49,1.64,185.00000000000003
2012-10-03,3.4,1.64,176.0
2012-10-10,3.36,1.72,164.0
2012-10-17,3.39,1.83,156.0
2012-10-24,3.37,1.8,157.0
2012-10-31,3.41,1.72,169.00000000000003
2012-11-07,3.39,1.68,171.00000000000003
2012-11-14,3.4,1.59,180.99999999999997
2012-11-21,3.31,1.69,162.0
2012-12-05,3.32,1.6,171.99999999999997
2012-12-12,3.34,1.72,162.0
2012-12-19,3.32,1.82,149.99999999999997
2012-12-26,3.37,1.77,160.0
2013-01-02,3.35,1.86,149.0
2013-01-09,3.34,1.88,146.0
2013-01-16,3.4,1.84,155.99999999999997
2013-01-23,3.38,1.86,151.99999999999997
2013-01-30,3.42,2.03,139.0
2013-02-06,3.53,2.0,152.99999999999997
2013-02-13,3.53,2.05,148.0
2013-02-20,3.53,2.02,150.99999999999997
2013-02-27,3.56,1.91,165.0
2013-03-06,3.51,1.95,155.99999999999997
2013-03-13,3.52,2.04,148.0
2013-03-20,3.63,1.96,167.0
2013-03-27,3.54,1.87,167.0
2013-04-03,3.57,1.83,173.99999999999997
2013-04-10,3.54,1.84,170.0
2013-04-17,3.43,1.73,170.00000000000003
2013-04-24,3.41,1.73,168.00000000000003
2013-05-01,3.4,1.66,174.0
2013-05-08,3.35,1.81,154.0
2013-05-15,3.42,1.94,148.0
2013-05-22,3.51,2.03,148.0
2013-05-29,3.59,2.13,146.0
2013-06-05,3.81,2.1,171.0
2013-06-12,3.91,2.25,166.0
2013-06-19,3.98,2.33,165.0
2013-06-26,3.93,2.55,138.00000000000003
2013-07-03,4.29,2.52,177.0
2013-07-17,4.51,2.52,198.99999999999997
2013-07-24,4.37,2.61,176.00000000000003
2013-07-31,4.31,2.6,170.99999999999994
2013-08-07,4.39,2.61,177.99999999999997
2013-08-14,4.4,2.71,169.00000000000003
2013-08-21,4.4,2.87,153.00000000000003
2013-08-28,4.58,2.78,180.00000000000003
2013-09-04,4.51,2.9,161.0
2013-09-11,4.57,2.93,164.0
2013-09-18,4.57,2.69,188.00000000000003
2013-09-25,4.5,2.63,187.0
2013-10-02,4.32,2.63,169.00000000000003
2013-10-09,4.22,2.68,153.99999999999997
2013-10-16,4.23,2.69,154.00000000000006
2013-10-23,4.28,2.51,177.00000000000006
2013-10-30,4.13,2.55,158.0
2013-11-06,4.1,2.67,142.99999999999997
2013-11-13,4.16,2.75,141.0
2013-11-20,4.35,2.8,154.99999999999997
2013-11-27,4.29,2.74,154.99999999999997
2013-12-11,4.46,2.86,160.0
2013-12-18,4.42,2.89,152.99999999999997
2013-12-25,4.47,2.99,147.99999999999994
2014-01-01,4.48,3.04,144.00000000000003
2014-01-08,4.53,3.01,152.00000000000006
2014-01-15,4.51,2.9,161.0
2014-01-22,4.41,2.87,154.0
2014-01-29,4.39,2.69,169.99999999999997
2014-02-05,4.32,2.7,162.0
2014-02-12,4.23,2.8,143.00000000000006
2014-02-19,4.28,2.73,155.00000000000003
2014-02-26,4.33,2.67,166.0
2014-03-05,4.37,2.7,167.0
2014-03-12,4.28,2.73,155.00000000000003
2014-03-19,4.37,2.78,159.00000000000003
2014-03-26,4.32,2.71,161.00000000000003
2014-04-02,4.4,2.82,158.00000000000006
2014-04-09,4.41,2.71,170.00000000000003
2014-04-16,4.34,2.65,169.0
2014-04-23,4.27,2.7,156.99999999999994
2014-04-30,4.33,2.67,166.0
2014-05-07,4.29,2.62,167.0
2014-05-14,4.21,2.54,167.0
2014-05-21,4.2,2.54,166.0
2014-05-28,4.14,2.44,169.99999999999997
2014-06-04,4.12,2.61,151.00000000000003
2014-06-11,4.14,2.65,148.99999999999997
2014-06-18,4.2,2.61,159.00000000000003
2014-06-25,4.17,2.57,160.0
2014-07-02,4.14,2.64,149.99999999999994
2014-07-09,4.12,2.57,155.00000000000003
2014-07-16,4.15,2.55,160.00000000000006
2014-07-23,4.13,2.48,165.0
2014-07-30,4.13,2.57,156.0
2014-08-06,4.12,2.49,163.0
2014-08-13,4.14,2.43,170.99999999999994
2014-08-20,4.12,2.43,169.0
2014-08-27,4.1,2.37,172.99999999999994
2014-09-03,4.1,2.41,168.99999999999994
2014-09-10,4.1,2.54,155.99999999999997
2014-09-17,4.12,2.62,150.0
2014-09-24,4.23,2.57,166.00000000000006
2014-10-01,4.2,2.42,178.00000000000003
2014-10-08,4.19,2.35,184.00000000000003
2014-10-15,4.12,2.15,197.00000000000003
2014-10-22,3.97,2.25,172.00000000000003
2014-10-29,3.92,2.34,158.0
2014-11-05,3.98,2.36,162.0
2014-11-12,4.02,2.37,164.99999999999994
2014-11-19,4.01,2.36,165.0
2014-11-26,3.97,2.24,173.0
2014-12-10,3.89,2.18,171.0
2014-12-17,3.93,2.14,179.0
2014-12-24,3.83,2.27,156.0
2014-12-31,3.87,2.17,170.00000000000003
2015-01-14,3.73,1.86,187.0
2015-01-21,3.66,1.87,179.0
2015-01-28,3.63,1.73,190.0
2015-02-04,3.66,1.81,185.0
2015-02-11,3.59,2.0,159.0
2015-02-18,3.69,2.07,162.0
2015-02-25,3.76,1.96,179.99999999999997
2015-03-04,3.8,2.12,167.99999999999997
2015-03-11,3.75,2.11,164.0
2015-03-18,3.86,1.93,193.0
2015-03-25,3.78,1.93,185.0
2015-04-01,3.69,1.87,181.99999999999997
2015-04-08,3.7,1.92,178.00000000000003
2015-04-15,3.66,1.91,175.00000000000003
2015-04-22,3.67,1.99,168.0
2015-04-29,3.65,2.06,159.0
2015-05-06,3.68,2.25,143.00000000000003
2015-05-13,3.8,2.27,152.99999999999997
2015-05-20,3.85,2.26,159.00000000000003
2015-05-27,3.84,2.14,169.99999999999997
2015-06-03,3.87,2.38,149.00000000000003
2015-06-10,3.87,2.5,137.0
2015-06-17,4.04,2.32,172.00000000000003
2015-06-24,4.0,2.38,162.0
2015-07-01,4.02,2.43,158.99999999999994
2015-07-08,4.08,2.22,186.0
2015-07-15,4.04,2.36,168.00000000000003
2015-07-22,4.09,2.33,175.99999999999997
2015-07-29,4.04,2.29,175.0
2015-08-05,3.98,2.28,170.00000000000003
2015-08-12,3.91,2.14,177.0
2015-08-19,3.94,2.12,181.99999999999997
2015-08-26,3.93,2.18,175.0
2015-09-02,3.84,2.2,163.99999999999997
2015-09-09,3.89,2.21,168.00000000000003
2015-09-16,3.9,2.3,160.0
2015-09-23,3.91,2.16,175.0
2015-09-30,3.86,2.06,179.99999999999997
2015-10-07,3.85,2.08,177.0
2015-10-14,3.76,1.99,176.99999999999997
2015-10-21,3.82,2.04,177.99999999999997
2015-10-28,3.79,2.1,169.0
2015-11-04,3.76,2.25,150.99999999999997
2015-11-11,3.87,2.32,155.00000000000003
2015-11-18,3.98,2.27,171.0
2015-11-25,3.95,2.23,172.00000000000003
2015-12-09,3.93,2.22,171.0
2015-12-16,3.95,2.3,165.00000000000003
2015-12-23,3.97,2.27,170.00000000000003
2015-12-30,3.96,2.31,165.0
2016-01-06,4.01,2.18,182.99999999999997
2016-01-13,3.97,2.08,189.0
2016-01-20,3.92,2.01,191.0
2016-01-27,3.81,2.02,179.0
2016-02-03,3.79,1.88,191.0
2016-02-10,3.72,1.71,201.00000000000003
2016-02-17,3.65,1.81,184.0
2016-02-24,3.65,1.75,190.0
2016-03-02,3.62,1.84,178.0
2016-03-09,3.64,1.9,174.00000000000003
2016-03-16,3.68,1.94,174.00000000000003
2016-03-23,3.73,1.88,185.0
2016-03-30,3.71,1.83,188.0
2016-04-06,3.71,1.76,195.0
2016-04-13,3.59,1.77,181.99999999999997
2016-04-20,3.58,1.85,173.0
2016-04-27,3.59,1.87,171.99999999999997
2016-05-04,3.66,1.79,187.0
2016-05-11,3.61,1.73,188.0
2016-05-18,3.57,1.87,169.99999999999997
2016-05-25,3.58,1.87,171.0
2016-06-01,3.64,1.85,179.0
2016-06-08,3.66,1.71,195.00000000000003
2016-06-15,3.6,1.6,200.0
2016-06-22,3.54,1.69,185.0
2016-06-29,3.56,1.5,206.0
2016-07-06,3.48,1.38,210.0
2016-07-13,3.41,1.48,193.00000000000003
2016-07-20,3.42,1.59,182.99999999999997
2016-07-27,3.45,1.52,193.00000000000003
2016-08-03,3.48,1.55,193.0
2016-08-10,3.43,1.5,193.00000000000003
2016-08-17,3.45,1.56,189.0
2016-08-24,3.43,1.56,187.0
2016-08-31,3.43,1.58,185.0
2016-09-07,3.46,1.54,192.0
2016-09-14,3.44,1.7,174.0
2016-09-21,3.5,1.66,184.0
2016-09-28,3.48,1.57,191.0
2016-10-05,3.42,1.72,170.0
2016-10-12,3.42,1.79,163.0
2016-10-19,3.47,1.76,171.00000000000003
2016-10-26,3.52,1.79,173.0
2016-11-02,3.47,1.81,166.0
2016-11-09,3.54,2.07,147.00000000000003
2016-11-16,3.57,2.22,134.99999999999997
2016-11-23,4.03,2.36,167.00000000000003
2016-12-07,4.08,2.34,174.00000000000003
2016-12-14,4.13,2.54,159.0
2016-12-21,4.16,2.55,161.00000000000003
2016-12-28,4.3,2.51,179.0
2017-01-04,4.32,2.46,186.00000000000003
2017-01-11,4.2,2.38,182.00000000000003
2017-01-18,4.12,2.42,170.00000000000003
2017-01-25,4.09,2.53,156.0
2017-02-01,4.19,2.48,171.00000000000003
2017-02-08,4.19,2.34,185.00000000000006
2017-02-15,4.17,2.51,166.0
2017-02-22,4.15,2.42,173.00000000000006
2017-03-01,4.16,2.46,170.00000000000003
2017-03-08,4.1,2.57,152.99999999999997
2017-03-15,4.21,2.51,170.00000000000003
2017-03-22,4.3,2.4,190.0
2017-03-29,4.23,2.39,184.00000000000003
2017-04-05,4.14,2.34,179.99999999999997
2017-04-12,4.1,2.28,181.99999999999997
2017-04-19,4.08,2.21,187.0
2017-04-26,3.97,2.32,165.00000000000003
2017-05-03,4.03,2.33,170.00000000000003
2017-05-10,4.02,2.41,160.99999999999994
2017-05-17,4.05,2.22,182.99999999999997
2017-05-24,4.02,2.26,175.99999999999997
2017-05-31,3.95,2.21,174.00000000000003
2017-06-07,3.94,2.18,175.99999999999997
2017-06-14,3.89,2.15,174.00000000000003
2017-06-21,3.91,2.16,175.0
2017-06-28,3.9,2.22,167.99999999999997
2017-07-05,3.88,2.33,154.99999999999997
2017-07-12,3.96,2.33,163.0
2017-07-19,4.03,2.27,176.00000000000003
2017-07-26,3.96,2.29,167.0
2017-08-02,3.92,2.27,165.0
2017-08-09,3.93,2.24,169.0
2017-08-16,3.9,2.23,167.0
2017-08-23,3.89,2.17,172.00000000000003
2017-08-30,3.86,2.15,171.0
2017-09-06,3.82,2.1,171.99999999999997
2017-09-13,3.78,2.2,157.99999999999997
2017-09-20,3.78,2.28,150.0
2017-09-27,3.83,2.31,152.0
2017-10-04,3.83,2.33,150.0
2017-10-11,3.85,2.35,150.0
2017-10-18,3.91,2.34,157.00000000000003
2017-10-25,3.88,2.44,144.0
2017-11-01,3.94,2.37,156.99999999999997
2017-11-08,3.94,2.32,162.0
2017-11-15,3.9,2.33,156.99999999999997
2017-11-22,3.92,2.32,160.0
2017-12-06,3.9,2.33,156.99999999999997
2017-12-13,3.94,2.36,158.0
2017-12-20,3.93,2.49,144.0
2017-12-27,3.94,2.42,152.0
2018-01-03,3.99,2.44,155.00000000000003
2018-01-10,3.95,2.55,140.00000000000003
2018-01-17,3.99,2.57,142.00000000000003
2018-01-24,4.04,2.65,139.0
2018-01-31,4.15,2.72,143.00000000000003
2018-02-07,4.22,2.84,138.0
2018-02-14,4.32,2.91,141.0
2018-02-21,4.38,2.94,144.0
2018-02-28,4.4,2.87,153.00000000000003
2018-03-07,4.43,2.89,153.99999999999997
2018-03-14,4.46,2.81,165.0
2018-03-21,4.44,2.89,155.00000000000003
2018-03-28,4.45,2.77,168.00000000000003
2018-04-04,4.44,2.79,165.00000000000003
2018-04-11,4.4,2.79,161.00000000000003
2018-04-18,4.42,2.87,154.99999999999997
2018-04-25,4.47,3.03,144.0
2018-05-02,4.58,2.97,161.0
2018-05-09,4.55,3.0,154.99999999999997
2018-05-16,4.55,3.09,146.0
2018-05-23,4.61,3.01,160.00000000000006
2018-05-30,4.66,2.84,182.00000000000003
2018-06-06,4.56,2.97,158.99999999999994
2018-06-13,4.54,2.98,156.0
2018-06-20,4.62,2.93,169.0
2018-06-27,4.57,2.83,174.00000000000003
2018-07-04,4.55,2.83,171.99999999999997
2018-07-11,4.52,2.85,166.99999999999994
2018-07-18,4.53,2.88,165.00000000000003
2018-07-25,4.52,2.94,157.99999999999997
2018-08-01,4.54,3.0,154.0
2018-08-08,4.6,2.96,163.99999999999997
2018-08-15,4.59,2.86,173.0
2018-08-22,4.53,2.82,171.00000000000003
2018-08-29,4.51,2.89,161.99999999999997
2018-09-05,4.52,2.9,161.99999999999997
2018-09-12,4.54,2.97,156.99999999999997
2018-09-19,4.6,3.08,151.99999999999994
2018-09-26,4.65,3.06,159.00000000000003
2018-10-03,4.72,3.15,156.99999999999997
2018-10-10,4.71,3.22,148.99999999999997
2018-10-17,4.9,3.19,171.00000000000003
2018-10-24,4.85,3.1,174.99999999999994
2018-10-31,4.86,3.15,171.00000000000003
2018-11-07,4.83,3.22,161.0
2018-11-14,4.94,3.12,182.00000000000003
2018-11-21,4.81,3.06,174.99999999999994
2018-12-05,4.81,2.91,189.99999999999994
2018-12-12,4.75,2.91,184.0
2018-12-19,4.63,2.77,186.0
2018-12-26,4.62,2.81,181.0
2019-01-02,4.55,2.66,188.99999999999997
2019-01-09,4.51,2.74,176.99999999999994
2019-01-16,4.45,2.73,172.00000000000003
2019-01-23,4.45,2.76,169.00000000000003
2019-01-30,4.45,2.7,175.0
2019-02-06,4.46,2.7,175.99999999999997
2019-02-13,4.41,2.71,170.00000000000003
2019-02-20,4.37,2.65,172.00000000000003
2019-02-27,4.35,2.69,165.99999999999997
2019-03-06,4.35,2.69,165.99999999999997
2019-03-13,4.41,2.61,180.00000000000003
2019-03-20,4.31,2.54,176.99999999999994
2019-03-27,4.28,2.39,189.0
2019-04-03,4.06,2.52,153.99999999999997
2019-04-10,4.08,2.48,160.0
2019-04-17,4.12,2.59,153.00000000000003
2019-04-24,4.17,2.53,164.0
2019-05-01,4.2,2.52,168.00000000000003
2019-05-08,4.14,2.49,164.99999999999994
2019-05-15,4.1,2.37,172.99999999999994
2019-05-22,4.07,2.39,168.00000000000003
2019-05-29,4.06,2.25,180.99999999999997
2019-06-05,3.99,2.12,187.0
2019-06-12,3.82,2.13,169.0
2019-06-19,3.82,2.03,179.0
2019-06-26,3.84,2.05,179.0
2019-07-03,3.75,1.96,179.0
2019-07-17,3.75,2.06,169.0
2019-07-24,3.81,2.05,176.00000000000003
2019-07-31,3.75,2.02,173.0
2019-08-07,3.75,1.71,204.0
2019-08-14,3.6,1.59,200.99999999999997
2019-08-21,3.6,1.59,200.99999999999997
2019-08-28,3.55,1.47,208.0
2019-09-04,3.58,1.47,211.00000000000003
2019-09-11,3.49,1.75,174.00000000000003
2019-09-18,3.56,1.8,176.0
2019-09-25,3.73,1.73,200.0
2019-10-02,3.64,1.6,204.0
2019-10-09,3.65,1.59,205.99999999999997
2019-10-16,3.57,1.75,181.99999999999997
2019-10-23,3.69,1.77,192.0
2019-10-30,3.75,1.78,197.0
2019-11-06,3.78,1.81,196.99999999999997
2019-11-13,3.69,1.88,181.0
2019-11-20,3.75,1.73,202.0
2019-11-27,3.68,1.77,191.0
2019-12-11,3.68,1.79,189.0
2019-12-18,3.73,1.92,181.0
2019-12-25,3.73,1.9,183.0
2020-01-01,3.74,1.92,182.00000000000003
2020-01-08,3.72,1.87,185.0
2020-01-15,3.64,1.79,185.0
2020-01-22,3.65,1.77,188.0
2020-01-29,3.6,1.6,200.0
2020-02-05,3.51,1.66,185.0
2020-02-12,3.45,1.62,183.0
2020-02-19,3.47,1.56,191.0
2020-02-26,3.49,1.33,216.0
2020-03-04,3.45,1.02,243.00000000000003
2020-03-11,3.29,0.82,247.00000000000003
2020-03-18,3.36,1.18,217.99999999999997
2020-03-25,3.65,0.88,277.0
2020-04-01,3.5,0.62,288.0
2020-04-08,3.33,0.77,256.0
2020-04-15,3.33,0.63,270.0
2020-04-22,3.31,0.63,268.0
2020-04-29,3.33,0.63,270.0
2020-05-06,3.23,0.72,250.99999999999997
2020-05-13,3.26,0.64,261.99999999999994
2020-05-20,3.28,0.68,259.99999999999994
2020-05-27,3.24,0.68,256.0
2020-06-03,3.15,0.77,238.0
2020-06-10,3.18,0.75,243.00000000000003
2020-06-17,3.21,0.74,246.99999999999997
2020-06-24,3.13,0.69,244.0
2020-07-01,3.13,0.69,244.0
2020-07-08,3.07,0.67,240.0
2020-07-15,3.03,0.64,238.99999999999997
2020-07-22,2.98,0.6,238.0
2020-07-29,3.01,0.58,242.99999999999997
2020-08-05,2.99,0.55,244.00000000000003
2020-08-12,2.88,0.69,219.0
2020-08-19,2.96,0.68,227.99999999999997
2020-08-26,2.99,0.69,230.00000000000003
2020-09-02,2.91,0.66,225.0
2020-09-09,2.93,0.71,222.00000000000003
2020-09-16,2.86,0.69,217.0
2020-09-23,2.87,0.68,219.0
2020-09-30,2.9,0.69,221.0
2020-10-07,2.88,0.81,206.99999999999997
2020-10-14,2.87,0.73,214.0
2020-10-21,2.81,0.83,198.0
2020-10-28,2.8,0.79,200.99999999999997
2020-11-04,2.81,0.78,203.00000000000003
2020-11-11,2.78,0.98,179.99999999999997
2020-11-18,2.84,0.88,196.0
2020-11-25,2.72,0.88,184.00000000000003
2020-12-09,2.71,0.95,176.0
2020-12-16,2.71,0.92,179.0
2020-12-23,2.67,0.96,171.0
2020-12-30,2.66,0.93,173.0
2021-01-06,2.67,1.04,163.0
2021-01-13,2.65,1.1,154.99999999999997
2021-01-20,2.79,1.1,169.0
2021-01-27,2.77,1.04,173.0
2021-02-03,2.73,1.15,158.0
2021-02-10,2.73,1.15,158.0
2021-02-17,2.73,1.29,144.0
2021-02-24,2.81,1.38,143.00000000000003
2021-03-03,2.97,1.47,150.00000000000003
2021-03-10,3.02,1.53,149.0
2021-03-17,3.05,1.63,142.0
2021-03-24,3.09,1.62,146.99999999999997
2021-03-31,3.17,1.74,143.0
2021-04-07,3.18,1.68,150.00000000000003
2021-04-14,3.13,1.64,149.0
2021-04-21,3.04,1.57,147.0
2021-04-28,2.97,1.63,134.00000000000003
2021-05-05,2.98,1.59,139.0
2021-05-12,2.96,1.69,127.0
2021-05-19,2.94,1.68,126.0
2021-05-26,3.0,1.58,142.0
2021-06-02,2.95,1.59,136.0
2021-06-09,2.99,1.5,149.00000000000003
2021-06-16,2.96,1.57,139.0
2021-06-23,2.93,1.5,143.00000000000003
2021-06-30,3.02,1.45,157.0
2021-07-07,2.98,1.33,165.0
2021-07-14,2.9,1.37,152.99999999999997
2021-07-21,2.88,1.3,157.99999999999997
2021-07-28,2.78,1.26,151.99999999999997
2021-08-04,2.8,1.19,161.0
2021-08-11,2.77,1.35,142.0
2021-08-18,2.87,1.27,160.0
2021-08-25,2.86,1.35,150.99999999999997
2021-09-01,2.87,1.31,156.0
2021-09-08,2.87,1.35,152.0
2021-09-15,2.88,1.31,156.99999999999997
2021-09-22,2.86,1.32,153.99999999999997
2021-09-29,2.88,1.55,132.99999999999997
2021-10-06,3.01,1.53,147.99999999999997
2021-10-13,2.99,1.56,143.00000000000003
2021-10-20,3.05,1.65,140.0
2021-10-27,3.09,1.54,154.99999999999997
2021-11-03,3.14,1.6,154.0
2021-11-10,2.98,1.56,142.0
2021-11-24,3.1,1.64,146.00000000000003
2021-12-08,3.11,1.52,159.0
2021-12-15,3.1,1.47,163.0
2021-12-22,3.12,1.46,166.0
2021-12-29,3.05,1.55,149.99999999999997
2022-01-05,3.11,1.71,140.0
2022-01-12,3.22,1.74,148.00000000000003
2022-01-19,3.45,1.83,162.0
2022-01-26,3.56,1.85,171.0
2022-02-02,3.55,1.78,176.99999999999997
2022-02-09,3.55,1.94,161.0
2022-02-16,3.69,2.03,166.0
2022-02-23,3.92,1.99,193.0
2022-03-02,3.89,1.86,203.00000000000003
2022-03-09,3.76,1.94,181.99999999999997
2022-03-16,3.85,2.19,166.0
2022-03-23,4.16,2.32,184.00000000000003
2022-03-30,4.42,2.35,206.99999999999997
2022-04-06,4.67,2.61,206.0
2022-04-13,4.72,2.7,201.99999999999994
2022-04-20,5.0,2.85,215.0
2022-04-27,5.11,2.82,229.00000000000006
2022-05-04,5.1,2.93,216.99999999999994
2022-05-11,5.27,2.91,235.99999999999994
2022-05-18,5.3,2.89,240.99999999999997
2022-05-25,5.25,2.75,250.0
2022-06-01,5.1,2.94,215.99999999999997
2022-06-08,5.09,3.03,206.0
2022-06-15,5.23,3.33,190.00000000000003
2022-06-22,5.78,3.16,262.0
2022-06-29,5.81,3.1,270.99999999999994
2022-07-06,5.7,2.93,277.0
2022-07-13,5.3,2.91,238.99999999999997
2022-07-20,5.51,3.04,246.99999999999997
2022-07-27,5.54,2.78,276.0
2022-08-03,5.3,2.73,257.0
2022-08-10,4.99,2.78,221.00000000000003
2022-08-17,5.22,2.89,232.99999999999997
2022-08-24,5.13,3.11,202.0
2022-08-31,5.55,3.15,240.0
2022-09-07,5.66,3.27,239.0
2022-09-14,5.89,3.41,247.99999999999994
2022-09-21,6.02,3.51,250.99999999999997
2022-09-28,6.29,3.72,257.0
2022-10-05,6.7,3.76,294.00000000000006
2022-10-12,6.66,3.91,275.0
2022-10-19,6.92,4.14,278.0
2022-10-26,6.94,4.04,290.00000000000006
2022-11-02,7.08,4.1,298.00000000000006
2022-11-09,6.95,4.12,283.0
2022-11-16,7.08,3.67,341.0
2022-11-23,6.58,3.71,287.0
2022-12-07,6.49,3.42,307.0
2022-12-14,6.33,3.49,284.0
2022-12-21,6.31,3.68,262.99999999999994
2022-12-28,6.27,3.88,238.99999999999997
2023-01-04,6.42,3.69,273.0
2023-01-11,6.48,3.54,294.00000000000006
2023-01-18,6.33,3.37,296.0
2023-01-25,6.15,3.46,269.00000000000006
2023-02-01,6.13,3.39,274.0
2023-02-08,6.09,3.63,246.0
2023-02-15,6.12,3.81,231.0
2023-02-22,6.32,3.93,239.0
2023-03-01,6.5,4.01,249.00000000000003
2023-03-08,6.65,3.98,267.00000000000006
2023-03-15,6.73,3.51,322.00000000000006
2023-03-22,6.6,3.48,311.99999999999994
2023-03-29,6.42,3.57,285.0
2023-04-05,6.32,3.3,302.00000000000006
2023-04-12,6.28,3.41,287.0
2023-04-19,6.27,3.6,266.99999999999994
2023-04-26,6.39,3.43,295.99999999999994
2023-05-03,6.43,3.38,305.0
2023-05-10,6.39,3.43,295.99999999999994
2023-05-17,6.35,3.57,278.0
2023-05-24,6.39,3.73,265.99999999999994
2023-05-31,6.57,3.64,293.0
2023-06-07,6.79,3.79,300.0
2023-06-14,6.71,3.83,288.0
2023-06-21,6.69,3.72,297.0
2023-06-28,6.67,3.71,296.0
2023-07-05,6.71,3.95,276.0
2023-07-12,6.81,3.86,295.0
2023-07-19,6.96,3.75,321.0
2023-07-26,6.78,3.86,292.00000000000006
2023-08-02,6.81,4.08,272.99999999999994
2023-08-09,6.9,4.0,290.00000000000006
2023-08-16,6.96,4.28,268.0
2023-08-23,7.09,4.19,289.99999999999994
2023-08-30,7.23,4.12,311.00000000000006
2023-09-06,7.18,4.3,288.0
2023-09-13,7.12,4.25,287.0
2023-09-20,7.18,4.35,283.0
2023-09-27,7.19,4.61,258.0
2023-10-04,7.31,4.73,257.99999999999994
2023-10-11,7.49,4.58,291.0
2023-10-18,7.57,4.91,266.0
2023-10-25,7.63,4.95,268.0
2023-11-01,7.79,4.77,302.00000000000006
2023-11-08,7.76,4.49,326.99999999999994
2023-11-15,7.5,4.53,297.0
2023-11-22,7.29,4.42,287.0
2023-12-06,7.22,4.12,309.99999999999994
2023-12-13,7.03,4.04,299.0
2023-12-20,6.95,3.86,309.00000000000006
2023-12-27,6.67,3.79,288.0
2024-01-03,6.61,3.91,270.0
2024-01-10,6.62,4.04,258.0
2024-01-17,6.66,4.1,256.00000000000006
2024-01-24,6.6,4.18,242.0
2024-01-31,6.69,3.99,270.0
2024-02-07,6.63,4.09,254.0
2024-02-14,6.64,4.27,237.0
2024-02-21,6.77,4.32,244.99999999999994
2024-02-28,6.9,4.27,263.00000000000006
2024-03-06,6.94,4.11,283.0
2024-03-13,6.88,4.19,268.99999999999994
2024-03-20,6.74,4.27,247.00000000000006
2024-03-27,6.87,4.2,267.0
2024-04-03,6.79,4.36,242.99999999999997
2024-04-10,6.82,4.55,227.00000000000006
2024-04-17,6.88,4.59,229.0
2024-04-24,7.1,4.65,244.99999999999994
2024-05-01,7.17,4.63,254.0
2024-05-08,7.22,4.48,273.99999999999994
2024-05-15,7.09,4.36,272.99999999999994
2024-05-22,7.02,4.43,259.0
2024-05-29,6.94,4.61,233.0
2024-06-05,7.03,4.29,274.0
2024-06-12,6.99,4.31,268.00000000000006
2024-06-19,6.95,4.22,273.00000000000006
2024-06-26,6.87,4.32,254.99999999999997
2024-07-03,6.95,4.36,259.0
2024-07-17,6.89,4.16,272.99999999999994
2024-07-24,6.77,4.28,248.99999999999994
2024-07-31,6.78,4.09,269.00000000000006
2024-08-07,6.73,3.96,277.00000000000006
2024-08-14,6.47,3.83,263.99999999999994
2024-08-21,6.49,3.79,270.0
2024-08-28,6.46,3.84,262.0
2024-09-04,6.35,3.77,257.99999999999994
2024-09-11,6.35,3.65,270.0
2024-09-18,6.2,3.7,250.0
2024-09-25,6.09,3.79,229.99999999999997
2024-10-02,6.08,3.79,229.0
2024-10-09,6.12,4.06,206.00000000000006
2024-10-16,6.32,4.02,230.00000000000006
2024-10-23,6.44,4.24,220.00000000000003
2024-10-30,6.54,4.29,225.0
2024-11-06,6.72,4.42,229.99999999999997
2024-11-13,6.79,4.44,234.99999999999997
2024-11-20,6.78,4.41,237.0
2024-11-27,6.81,4.25,255.99999999999997
2024-12-11,6.69,4.26,243.00000000000006
2024-12-18,6.6,4.5,209.99999999999997
2024-12-25,6.72,4.59,213.0
2025-01-01,6.85,4.58,226.99999999999994
2025-01-08,6.91,4.67,224.00000000000003
2025-01-15,6.93,4.66,226.99999999999994
2025-01-22,7.04,4.6,244.00000000000003
2025-01-29,6.96,4.55,241.0
2025-02-05,6.95,4.43,252.00000000000006
2025-02-12,6.89,4.62,226.99999999999994
2025-02-19,6.87,4.53,234.0
2025-02-26,6.85,4.25,259.99999999999994
2025-03-05,6.76,4.28,247.99999999999994
2025-03-12,6.63,4.32,230.99999999999997
2025-03-19,6.65,4.25,240.00000000000003
2025-03-26,6.67,4.35,232.00000000000003
2025-04-02,6.65,4.2,245.00000000000003
2025-04-09,6.64,4.34,229.99999999999997
2025-04-16,6.62,4.29,233.0
2025-04-23,6.83,4.4,242.99999999999997
2025-04-30,6.81,4.17,263.99999999999994
2025-05-07,6.76,4.26,250.0
2025-05-14,6.76,4.53,222.99999999999994
2025-05-21,6.81,4.58,222.99999999999994
2025-05-28,6.86,4.47,239.00000000000006
2025-06-04,6.89,4.37,251.99999999999994
2025-06-11,6.85,4.41,243.99999999999994
2025-06-18,6.81,4.38,242.99999999999997
2025-07-02,6.77,4.3,246.99999999999997
2025-07-09,6.67,4.34,233.0
2025-07-16,6.72,4.46,225.99999999999997
2025-07-23,6.75,4.4,234.99999999999997
2025-07-30,6.74,4.38,236.00000000000003
2025-08-06,6.72,4.22,250.0
2025-08-13,6.63,4.24,238.99999999999997
2025-08-20,6.58,4.29,229.0
2025-08-27,6.58,4.24,234.0
2025-09-03,6.56,4.22,234.0
2025-09-10,6.5,4.04,246.0
2025-09-17,6.35,4.06,229.0
2025-09-24,6.26,4.16,209.99999999999997
2025-10-01,6.3,4.12,217.99999999999997
2025-10-08,6.34,4.13,221.0
2025-10-15,6.3,4.05,225.0
2025-10-22,6.27,3.97,229.99999999999994
2025-10-29,6.19,4.08,211.00000000000003
2025-11-05,6.17,4.17,200.0
2025-11-12,6.22,4.08,213.99999999999997
2025-11-19,6.24,4.13,211.00000000000003
2025-11-26,6.23,4.0,223.00000000000006
2025-12-10,6.19,4.13,206.00000000000006
2025-12-17,6.22,4.16,205.99999999999997
2025-12-24,6.18,4.15,202.99999999999994
2025-12-31,6.15,4.18,197.00000000000006
2026-01-14,6.16,4.15,200.99999999999997
2026-01-21,6.06,4.26,179.99999999999997
2026-01-28,6.09,4.22,187.0
