DATE,PMMS_30Y,CC30,PSS30
2000-01-12,8.15,1.52,663.0000000000001
2000-01-19,8.18,1.55,663.0
2000-01-26,8.26,1.54,672.0
2000-02-02,8.25,1.53,672.0
2000-02-09,8.25,1.53,672.0
2000-02-16,8.36,1.55,681.0
2000-02-23,8.38,1.54,684.0000000000001
2000-03-01,8.31,1.67,664.0
2000-03-08,8.27,1.69,658.0
2000-03-15,8.23,1.71,652.0
2000-03-22,8.24,1.73,651.0
2000-03-29,8.23,1.73,650.0
2000-04-05,8.23,1.94,629.0000000000001
2000-04-12,8.2,2.04,615.9999999999999
2000-04-19,8.12,2.06,605.9999999999999
2000-04-26,8.16,2.12,604.0
2000-05-03,8.13,2.12,601.0000000000001
2000-05-10,8.28,2.17,611.0
2000-05-17,8.52,2.19,633.0
2000-05-24,8.64,2.19,645.0000000000001
2000-05-31,8.62,2.28,634.0
2000-06-07,8.54,2.22,631.9999999999999
2000-06-14,8.32,2.18,614.0
2000-06-21,8.22,2.14,608.0
2000-06-28,8.14,2.15,599.0
2000-07-05,8.22,2.17,605.0000000000001
2000-07-12,8.16,2.15,601.0
2000-07-19,8.09,2.11,598.0
2000-07-26,8.21,2.08,613.0000000000001
2000-08-02,8.13,2.14,599.0
2000-08-09,8.12,2.13,598.9999999999999
2000-08-16,8.04,2.12,591.9999999999999
2000-08-23,7.96,2.19,577.0
2000-08-30,7.99,2.2,579.0
2000-09-06,7.96,2.17,579.0
2000-09-13,7.94,2.17,577.0
2000-09-20,7.88,2.16,572.0
2000-09-27,7.9,2.14,576.0
2000-10-04,7.88,2.16,572.0
2000-10-11,7.83,2.22,561.0
2000-10-18,7.84,2.35,549.0
2000-10-25,7.83,2.37,546.0
2000-11-01,7.68,2.51,517.0
2000-11-08,7.73,2.47,526.0
2000-11-15,7.79,2.48,531.0
2000-11-22,7.73,2.54,519.0
2000-11-29,7.73,2.61,512.0000000000001
2000-12-06,7.65,2.68,497.00000000000006
2000-12-13,7.54,2.71,483.0
2000-12-20,7.42,2.66,476.0
2000-12-27,7.17,2.7,447.0
2001-01-03,7.13,2.67,446.0
2001-01-10,7.07,2.57,450.0
2001-01-17,6.89,2.48,441.0
2001-01-24,7.02,2.41,460.99999999999994
2001-01-31,7.15,2.36,479.0000000000001
2001-02-07,7.09,2.33,476.0
2001-02-14,6.98,2.36,462.0000000000001
2001-02-21,7.01,2.37,463.99999999999994
2001-02-28,7.12,2.42,470.0
2001-03-07,7.03,2.38,465.00000000000006
2001-03-14,6.97,2.38,459.0
2001-03-21,6.96,2.39,457.0
2001-03-28,6.89,2.44,444.99999999999994
2001-04-04,6.91,2.53,438.00000000000006
2001-04-11,7.01,2.47,453.9999999999999
2001-04-18,7.04,2.5,454.0
2001-04-25,7.14,2.55,459.0
2001-05-02,7.12,2.17,495.0
2001-05-09,7.14,2.16,497.99999999999994
2001-05-16,7.1,2.13,497.0
2001-05-23,7.14,2.1,503.9999999999999
2001-05-30,7.2,2.06,514.0
2001-06-06,7.24,2.03,521.0000000000001
2001-06-13,7.2,2.03,517.0
2001-06-20,7.14,2.07,507.0
2001-06-27,7.11,2.06,505.00000000000006
2001-07-04,7.11,2.05,506.00000000000006
2001-07-11,7.19,2.07,512.0000000000001
2001-07-18,7.21,2.08,513.0
2001-07-25,7.08,2.05,503.0
2001-08-01,7.03,2.03,500.0
2001-08-08,7.0,2.03,497.00000000000006
2001-08-15,7.0,2.06,493.99999999999994
2001-08-22,6.92,2.09,483.0
2001-08-29,6.91,2.08,483.0
2001-09-05,6.92,2.1,482.0
2001-09-12,6.89,2.17,472.0
2001-09-19,6.86,2.41,445.0
2001-09-26,6.8,2.47,433.0
2001-10-03,6.72,2.46,426.0
2001-10-10,6.64,2.47,417.0
2001-10-17,6.58,2.42,416.0
2001-10-24,6.61,2.45,416.0
2001-10-31,6.64,2.57,407.0
2001-11-07,6.56,2.61,395.0
2001-11-14,6.45,2.52,393.0
2001-11-21,6.51,2.41,409.99999999999994
2001-11-28,6.75,2.34,441.0
2001-12-05,7.02,2.34,468.0
2001-12-12,6.84,2.36,448.00000000000006
2001-12-19,7.09,2.34,475.0
2001-12-26,7.17,2.31,485.99999999999994
2002-01-02,7.16,2.2,496.0
2002-01-09,7.14,2.18,495.9999999999999
2002-01-16,7.06,2.22,484.0
2002-01-23,6.83,2.24,459.0
2002-01-30,6.96,2.28,468.0
2002-02-06,7.02,2.51,451.0
2002-02-13,6.88,2.49,438.99999999999994
2002-02-20,6.86,2.56,430.00000000000006
2002-02-27,6.81,2.49,431.99999999999994
2002-03-06,6.8,2.42,438.0
2002-03-13,6.87,2.38,449.0
2002-03-20,7.08,2.35,473.00000000000006
2002-03-27,7.14,2.38,476.0
2002-04-03,7.18,2.38,480.0
2002-04-10,7.13,2.42,471.0
2002-04-17,6.99,2.42,457.0
2002-04-24,6.94,2.59,435.00000000000006
2002-05-01,6.88,2.8,408.0
2002-05-08,6.78,2.76,402.00000000000006
2002-05-15,6.79,2.75,404.0
2002-05-22,6.89,2.76,413.0
2002-05-29,6.81,2.67,413.99999999999994
2002-06-05,6.76,2.25,451.0
2002-06-12,6.71,2.35,435.99999999999994
2002-06-19,6.71,2.41,430.0
2002-06-26,6.63,2.68,395.0
2002-07-03,6.55,2.78,377.0
2002-07-10,6.57,2.71,386.00000000000006
2002-07-17,6.54,2.87,367.0
2002-07-24,6.49,3.35,314.0
2002-07-31,6.34,3.29,305.0
2002-08-07,6.43,3.48,295.0
2002-08-14,6.31,3.52,278.99999999999994
2002-08-21,6.22,3.28,294.0
2002-08-28,6.27,3.19,307.99999999999994
2002-09-04,6.22,3.29,293.0
2002-09-11,6.15,3.25,290.00000000000006
2002-09-18,6.18,3.16,301.99999999999994
2002-09-25,6.05,3.37,268.0
2002-10-02,5.99,3.42,257.0
2002-10-09,6.01,3.99,201.99999999999994
2002-10-16,5.98,3.84,214.00000000000006
2002-10-23,6.15,3.79,236.00000000000003
2002-10-30,6.31,3.66,264.99999999999994
2002-11-06,6.13,3.31,282.0
2002-11-13,6.11,3.32,279.00000000000006
2002-11-20,5.94,2.97,297.0
2002-11-27,6.03,2.86,317.00000000000006
2002-12-04,6.13,2.82,331.0
2002-12-11,6.19,2.84,335.00000000000006
2002-12-18,6.04,2.71,333.0
2002-12-25,6.03,2.72,331.0
2003-01-01,5.93,2.7,322.99999999999994
2003-01-08,5.85,2.57,328.0
2003-01-15,5.95,2.48,347.0
2003-01-22,5.97,2.56,340.99999999999994
2003-01-29,5.91,2.54,337.0
2003-02-05,5.9,2.46,344.00000000000006
2003-02-12,5.88,2.46,342.0
2003-02-19,5.86,2.47,339.0
2003-02-26,5.84,2.45,338.99999999999994
2003-03-05,5.79,2.48,331.0
2003-03-12,5.67,2.59,308.0
2003-03-19,5.61,2.47,314.0
2003-03-26,5.79,2.38,341.0
2003-04-02,5.91,2.29,362.0
2003-04-09,5.79,2.26,353.0
2003-04-16,5.85,2.16,368.99999999999994
2003-04-23,5.82,2.02,380.0
2003-04-30,5.79,1.97,382.0
2003-05-07,5.7,1.87,383.0
2003-05-14,5.62,1.94,368.0
2003-05-21,5.45,1.99,346.0
2003-05-28,5.34,1.93,341.0
2003-06-04,5.31,1.92,338.99999999999994
2003-06-11,5.26,1.86,339.99999999999994
2003-06-18,5.21,1.78,343.0
2003-06-25,5.21,1.8,341.0
2003-07-02,5.24,1.81,343.0
2003-07-09,5.4,1.75,365.00000000000006
2003-07-16,5.52,1.71,380.99999999999994
2003-07-23,5.67,1.67,400.0
2003-07-30,5.94,1.68,426.00000000000006
2003-08-06,6.14,1.75,438.99999999999994
2003-08-13,6.34,1.76,458.0
2003-08-20,6.24,1.72,452.00000000000006
2003-08-27,6.28,1.68,460.00000000000006
2003-09-03,6.32,1.63,469.00000000000006
2003-09-10,6.44,1.65,479.0000000000001
2003-09-17,6.16,1.6,456.00000000000006
2003-09-24,6.01,1.59,442.0
2003-10-01,5.98,1.59,439.00000000000006
2003-10-08,5.77,1.57,419.99999999999994
2003-10-15,5.95,1.5,445.0
2003-10-22,6.05,1.51,454.0
2003-10-29,6.05,1.5,455.0
2003-11-05,5.94,1.52,442.0
2003-11-12,5.98,1.45,453.0
2003-11-19,6.03,1.43,460.00000000000006
2003-11-26,5.83,1.41,442.0
2003-12-03,5.89,1.37,451.99999999999994
2003-12-10,6.02,1.35,467.0
2003-12-17,5.88,1.36,451.99999999999994
2003-12-24,5.82,1.33,449.0
2003-12-31,5.85,1.3,455.0
2004-01-14,5.87,1.28,459.0
2004-01-21,5.66,1.26,440.00000000000006
2004-01-28,5.64,1.24,439.99999999999994
2004-02-04,5.68,1.29,438.99999999999994
2004-02-11,5.72,1.29,443.0
2004-02-18,5.66,1.28,438.0
2004-02-25,5.58,1.31,426.99999999999994
2004-03-03,5.58,1.31,426.99999999999994
2004-03-10,5.59,1.33,426.0
2004-03-17,5.41,1.34,407.0
2004-03-24,5.38,1.35,402.99999999999994
2004-03-31,5.4,1.33,407.0
2004-04-07,5.52,1.28,423.99999999999994
2004-04-14,5.79,1.26,453.0
2004-04-21,5.89,1.26,463.0
2004-04-28,5.94,1.23,471.0000000000001
2004-05-05,6.01,1.28,472.99999999999994
2004-05-12,6.12,1.34,478.0
2004-05-19,6.34,1.33,501.0
2004-05-26,6.3,1.34,496.0
2004-06-02,6.32,1.34,498.00000000000006
2004-06-09,6.28,1.32,496.0
2004-06-16,6.3,1.31,499.0
2004-06-23,6.32,1.3,502.00000000000006
2004-06-30,6.25,1.33,492.0
2004-07-07,6.21,1.33,488.0
2004-07-14,6.01,1.32,468.99999999999994
2004-07-21,6.0,1.29,471.0
2004-07-28,5.98,1.29,469.00000000000006
2004-08-04,6.08,1.32,476.0
2004-08-11,5.99,1.33,466.0
2004-08-18,5.85,1.32,452.99999999999994
2004-08-25,5.81,1.3,451.0
2004-09-01,5.82,1.28,454.0
2004-09-08,5.77,1.25,451.99999999999994
2004-09-15,5.83,1.23,459.99999999999994
2004-09-22,5.75,1.23,451.99999999999994
2004-09-29,5.7,1.23,447.00000000000006
2004-10-06,5.72,1.21,451.0
2004-10-13,5.82,1.21,461.00000000000006
2004-10-20,5.74,1.25,449.0
2004-10-27,5.69,1.22,447.00000000000006
2004-11-03,5.64,1.21,443.0
2004-11-10,5.7,1.17,453.0
2004-11-17,5.76,1.16,459.99999999999994
2004-11-24,5.72,1.14,458.0
2004-12-08,5.81,1.13,468.0
2004-12-15,5.71,1.13,458.0
2004-12-22,5.75,1.12,463.0
2004-12-29,5.81,1.1,470.9999999999999
2005-01-12,5.77,1.16,460.99999999999994
2005-01-19,5.74,1.18,456.00000000000006
2005-01-26,5.67,1.17,450.0
2005-02-02,5.66,1.16,450.0
2005-02-09,5.63,1.16,447.0
2005-02-16,5.57,1.14,443.00000000000006
2005-02-23,5.62,1.12,450.0
2005-03-02,5.69,1.1,459.0
2005-03-09,5.79,1.1,468.99999999999994
2005-03-16,5.85,1.18,467.0
2005-03-23,5.95,1.28,467.0
2005-03-30,6.01,1.31,469.99999999999994
2005-04-06,6.04,1.37,467.0
2005-04-13,5.93,1.46,447.0
2005-04-20,5.91,1.54,437.0
2005-04-27,5.8,1.5,430.0
2005-05-04,5.78,1.53,425.0
2005-05-11,5.75,1.63,412.0
2005-05-18,5.77,1.71,405.99999999999994
2005-05-25,5.71,1.64,407.0
2005-06-01,5.65,1.36,429.0
2005-06-08,5.62,1.32,430.0
2005-06-15,5.56,1.3,426.0
2005-06-22,5.63,1.34,429.0
2005-06-29,5.57,1.33,424.0
2005-07-06,5.53,1.33,420.0
2005-07-13,5.62,1.29,433.0
2005-07-20,5.66,1.26,440.00000000000006
2005-07-27,5.73,1.22,451.00000000000006
2005-08-03,5.77,1.22,455.0
2005-08-10,5.82,1.23,459.0
2005-08-17,5.89,1.23,466.0
2005-08-24,5.8,1.22,458.0
2005-08-31,5.77,1.21,455.99999999999994
2005-09-07,5.71,1.23,448.00000000000006
2005-09-14,5.71,1.22,449.0
2005-09-21,5.74,1.24,450.0
2005-09-28,5.8,1.24,455.99999999999994
2005-10-05,5.91,1.23,468.0
2005-10-12,5.98,1.28,470.0
2005-10-19,6.03,1.25,478.0
2005-10-26,6.1,1.26,484.0
2005-11-02,6.15,1.29,486.00000000000006
2005-11-09,6.31,1.29,501.99999999999994
2005-11-16,6.36,1.34,502.00000000000006
2005-11-23,6.28,1.35,493.0
2005-12-07,6.26,1.39,487.0
2005-12-14,6.32,1.38,494.00000000000006
2005-12-21,6.3,1.39,491.0
2005-12-28,6.26,1.39,487.0
2006-01-04,6.22,1.21,501.0
2006-01-11,6.21,1.2,501.0
2006-01-18,6.15,1.2,495.0
2006-01-25,6.1,1.18,492.0
2006-02-01,6.12,1.16,496.0
2006-02-08,6.23,1.16,507.0
2006-02-15,6.24,1.14,510.00000000000006
2006-02-22,6.28,1.13,515.0
2006-03-01,6.26,1.13,513.0
2006-03-08,6.24,1.14,510.00000000000006
2006-03-15,6.37,1.13,524.0
2006-03-22,6.34,1.13,521.0
2006-03-29,6.32,1.14,518.0000000000001
2006-04-05,6.35,1.16,519.0
2006-04-12,6.43,1.15,527.9999999999999
2006-04-19,6.49,1.15,534.0
2006-04-26,6.53,1.13,540.0
2006-05-03,6.58,1.11,547.0
2006-05-10,6.59,1.11,548.0
2006-05-17,6.58,1.13,545.0
2006-05-24,6.6,1.16,544.0
2006-05-31,6.62,1.19,543.0
2006-06-07,6.67,1.22,545.0
2006-06-14,6.62,1.25,537.0
2006-06-21,6.63,1.25,538.0
2006-06-28,6.71,1.27,544.0
2006-07-05,6.78,1.26,552.0
2006-07-12,6.79,1.26,553.0
2006-07-19,6.74,1.28,546.0
2006-07-26,6.8,1.27,552.9999999999999
2006-08-02,6.72,1.27,544.9999999999999
2006-08-09,6.63,1.28,535.0
2006-08-16,6.55,1.27,527.9999999999999
2006-08-23,6.52,1.27,525.0
2006-08-30,6.48,1.27,521.0000000000001
2006-09-06,6.44,1.28,516.0
2006-09-13,6.47,1.27,519.9999999999999
2006-09-20,6.43,1.27,516.0
2006-09-27,6.4,1.28,512.0
2006-10-04,6.31,1.3,501.0
2006-10-11,6.3,1.28,501.99999999999994
2006-10-18,6.37,1.26,511.00000000000006
2006-10-25,6.36,1.25,511.00000000000006
2006-11-01,6.4,1.26,514.0
2006-11-08,6.31,1.23,508.0
2006-11-15,6.33,1.21,512.0
2006-11-22,6.18,1.22,496.0
2006-12-06,6.14,1.22,492.0
2006-12-13,6.11,1.21,490.00000000000006
2006-12-20,6.12,1.22,490.00000000000006
2006-12-27,6.13,1.21,492.0
2007-01-03,6.18,1.22,496.0
2007-01-10,6.18,1.21,497.0
2007-01-17,6.21,1.18,503.0
2007-01-24,6.23,1.16,507.0
2007-01-31,6.25,1.17,508.0
2007-02-07,6.34,1.15,519.0
2007-02-14,6.28,1.14,514.0
2007-02-21,6.3,1.12,518.0
2007-02-28,6.22,1.16,505.99999999999994
2007-03-07,6.18,1.19,499.0
2007-03-14,6.14,1.2,493.99999999999994
2007-03-21,6.14,1.21,493.0
2007-03-28,6.16,1.21,495.0
2007-04-04,6.16,1.23,493.0
2007-04-11,6.17,1.21,496.0
2007-04-18,6.22,1.2,501.99999999999994
2007-04-25,6.17,1.2,497.0
2007-05-02,6.16,1.2,496.0
2007-05-09,6.16,1.19,497.00000000000006
2007-05-16,6.15,1.17,498.00000000000006
2007-05-23,6.21,1.16,505.0
2007-05-30,6.37,1.17,520.0
2007-06-06,6.42,1.2,522.0
2007-06-13,6.53,1.22,531.0
2007-06-20,6.74,1.21,553.0
2007-06-27,6.69,1.25,544.0
2007-07-04,6.67,1.27,540.0
2007-07-11,6.63,1.29,534.0
2007-07-18,6.73,1.31,542.0
2007-07-25,6.73,1.41,532.0
2007-08-01,6.69,1.62,507.0
2007-08-08,6.68,1.61,506.99999999999994
2007-08-15,6.59,1.68,491.0
2007-08-22,6.62,1.79,483.0
2007-08-29,6.52,1.8,472.0
2007-09-05,6.45,1.78,467.0
2007-09-12,6.46,1.86,459.99999999999994
2007-09-19,6.31,1.83,447.99999999999994
2007-09-26,6.34,1.77,457.0
2007-10-03,6.42,1.78,463.99999999999994
2007-10-10,6.37,1.72,465.00000000000006
2007-10-17,6.4,1.7,470.0
2007-10-24,6.4,1.77,463.00000000000006
2007-10-31,6.33,1.83,450.0
2007-11-07,6.26,1.94,432.0
2007-11-14,6.24,2.05,419.00000000000006
2007-11-21,6.2,2.24,396.0
2007-12-05,6.1,2.41,368.99999999999994
2007-12-12,5.96,2.44,352.0
2007-12-19,6.11,2.43,368.0
2007-12-26,6.14,2.42,372.0
2008-01-02,6.17,2.47,370.0
2008-01-09,6.07,2.64,343.0
2008-01-16,5.87,2.6,327.0
2008-01-23,5.69,2.79,290.00000000000006
2008-01-30,5.48,2.75,273.00000000000006
2008-02-06,5.68,2.8,288.0
2008-02-13,5.67,2.88,279.0
2008-02-20,5.72,2.91,280.99999999999994
2008-02-27,6.04,2.96,308.0
2008-03-05,6.24,3.18,306.0
2008-03-12,6.03,3.38,265.00000000000006
2008-03-19,6.13,3.54,259.0
2008-03-26,5.87,3.49,238.0
2008-04-02,5.85,3.4,244.99999999999997
2008-04-09,5.88,3.32,256.0
2008-04-16,5.88,3.31,257.0
2008-04-23,5.88,3.17,271.0
2008-04-30,6.03,3.03,300.00000000000006
2008-05-07,6.06,2.95,310.99999999999994
2008-05-14,6.05,2.93,311.99999999999994
2008-05-21,6.01,2.92,309.0
2008-05-28,5.98,2.92,306.00000000000006
2008-06-04,6.08,2.86,322.0
2008-06-11,6.09,2.84,325.0
2008-06-18,6.32,2.84,348.00000000000006
2008-06-25,6.42,2.9,352.0
2008-07-02,6.45,3.09,336.00000000000006
2008-07-09,6.35,3.17,318.0
2008-07-16,6.37,3.25,312.0
2008-07-23,6.26,3.25,301.0
2008-07-30,6.63,3.3,333.0
2008-08-06,6.52,3.33,318.99999999999994
2008-08-13,6.52,3.35,316.99999999999994
2008-08-20,6.52,3.42,309.99999999999994
2008-08-27,6.47,3.46,301.0
2008-09-03,6.4,3.5,290.00000000000006
2008-09-10,6.35,3.59,276.0
2008-09-17,5.93,4.03,189.99999999999994
2008-09-24,5.78,4.13,165.00000000000003
2008-10-01,6.09,4.64,145.00000000000003
2008-10-08,6.1,5.25,84.99999999999997
2008-10-15,5.94,5.97,-2.999999999999936
2008-10-22,6.46,6.57,-11.000000000000032
2008-10-29,6.04,6.99,-95.00000000000001
2008-11-05,6.46,6.91,-45.000000000000014
2008-11-12,6.2,6.86,-66.00000000000001
2008-11-19,6.14,7.14,-100.0
2008-11-26,5.97,7.59,-162.0
2008-12-10,5.53,7.98,-245.00000000000003
2008-12-17,5.47,7.98,-251.00000000000006
2008-12-24,5.14,7.78,-264.00000000000006
2008-12-31,5.1,7.84,-274.0
2009-01-14,5.01,7.17,-216.0
2009-01-21,4.96,7.08,-212.0
2009-01-28,5.12,6.85,-172.99999999999994
2009-02-04,5.1,6.73,-163.00000000000009
2009-02-11,5.25,6.58,-133.0
2009-02-18,5.16,6.69,-153.00000000000003
2009-02-25,5.04,6.83,-179.0
2009-03-04,5.07,7.02,-194.99999999999994
2009-03-11,5.15,7.2,-204.99999999999997
2009-03-18,5.03,7.26,-222.99999999999994
2009-03-25,4.98,7.27,-228.99999999999991
2009-04-01,4.85,7.32,-247.00000000000006
2009-04-08,4.78,7.13,-234.99999999999997
2009-04-15,4.87,6.89,-201.99999999999994
2009-04-22,4.82,6.59,-176.99999999999994
2009-04-29,4.8,6.37,-157.00000000000003
2009-05-06,4.78,5.97,-118.99999999999994
2009-05-13,4.84,5.73,-89.00000000000006
2009-05-20,4.86,5.58,-71.99999999999997
2009-05-27,4.82,5.33,-50.99999999999998
2009-06-03,4.91,4.82,8.999999999999986
2009-06-10,5.29,4.53,75.99999999999997
2009-06-17,5.59,4.4,118.99999999999994
2009-06-24,5.38,4.36,101.99999999999996
2009-07-01,5.42,4.33,108.99999999999999
2009-07-08,5.32,4.34,98.00000000000004
2009-07-15,5.2,4.24,96.0
2009-07-22,5.14,4.08,105.99999999999996
2009-07-29,5.2,3.79,141.0
2009-08-05,5.25,3.49,175.99999999999997
2009-08-12,5.22,3.38,184.0
2009-08-19,5.29,3.45,184.0
2009-08-26,5.12,3.38,174.00000000000003
2009-09-02,5.14,3.36,177.99999999999997
2009-09-09,5.08,3.32,176.00000000000003
2009-09-16,5.07,3.14,193.00000000000003
2009-09-23,5.04,3.04,200.0
2009-09-30,5.04,3.06,198.0
2009-10-07,4.94,3.06,188.00000000000003
2009-10-14,4.87,3.01,186.00000000000003
2009-10-21,4.92,2.94,198.0
2009-10-28,5.0,2.89,211.0
2009-11-04,5.03,2.88,215.00000000000003
2009-11-11,4.98,2.85,213.00000000000003
2009-11-18,4.91,2.83,208.0
2009-11-25,4.78,2.82,196.00000000000003
2009-12-09,4.71,2.77,194.0
2009-12-16,4.81,2.62,218.99999999999994
2009-12-23,4.94,2.55,239.00000000000006
2009-12-30,5.05,2.49,255.99999999999997
2010-01-06,5.14,2.38,276.0
2010-01-13,5.09,2.28,281.0
2010-01-20,5.06,2.29,276.99999999999994
2010-01-27,4.99,2.35,264.0
2010-02-03,4.98,2.3,268.00000000000006
2010-02-10,5.01,2.39,261.99999999999994
2010-02-17,4.97,2.37,259.99999999999994
2010-02-24,4.93,2.3,263.0
2010-03-03,5.05,2.31,274.0
2010-03-10,4.97,2.21,276.0
2010-03-17,4.95,2.16,279.0
2010-03-24,4.96,2.11,285.0
2010-03-31,4.99,2.05,294.00000000000006
2010-04-07,5.08,2.01,307.0
2010-04-14,5.21,1.97,324.0
2010-04-21,5.07,1.93,314.00000000000006
2010-04-28,5.07,1.94,313.00000000000006
2010-05-05,5.06,2.05,301.0
2010-05-12,5.0,2.2,280.0
2010-05-19,4.93,2.3,263.0
2010-05-26,4.84,2.52,231.99999999999997
2010-06-02,4.78,2.56,222.00000000000003
2010-06-09,4.79,2.62,217.0
2010-06-16,4.72,2.6,211.99999999999997
2010-06-23,4.75,2.56,219.0
2010-06-30,4.69,2.63,206.00000000000006
2010-07-07,4.58,2.63,195.00000000000003
2010-07-14,4.57,2.54,203.00000000000003
2010-07-21,4.57,2.52,205.00000000000003
2010-07-28,4.56,2.4,215.99999999999997
2010-08-04,4.54,2.38,216.0
2010-08-11,4.49,2.41,208.0
2010-08-18,4.44,2.41,203.00000000000003
2010-08-25,4.42,2.44,198.0
2010-09-01,4.36,2.48,188.00000000000003
2010-09-08,4.32,2.43,189.0
2010-09-15,4.35,2.36,198.99999999999997
2010-09-22,4.37,2.36,201.00000000000003
2010-09-29,4.37,2.36,201.00000000000003
2010-10-06,4.32,2.35,197.00000000000003
2010-10-13,4.27,2.31,195.99999999999994
2010-10-20,4.19,2.32,187.00000000000006
2010-10-27,4.21,2.24,196.99999999999997
2010-11-03,4.23,2.26,197.00000000000006
2010-11-10,4.24,2.23,201.00000000000003
2010-11-17,4.17,2.25,192.0
2010-11-24,4.4,2.24,216.0
2010-12-08,4.46,2.18,227.99999999999997
2010-12-15,4.61,2.11,250.00000000000006
2010-12-22,4.83,2.12,271.0
2010-12-29,4.81,2.11,270.0
2011-01-05,4.86,2.07,279.00000000000006
2011-01-12,4.77,2.06,270.99999999999994
2011-01-19,4.71,2.04,267.0
2011-01-26,4.74,2.02,272.0
2011-02-02,4.8,2.01,279.0
2011-02-09,4.81,1.92,288.99999999999994
2011-02-16,5.05,1.9,315.0
2011-02-23,5.0,1.92,308.0
2011-03-02,4.95,1.93,302.00000000000006
2011-03-09,4.87,1.89,298.00000000000006
2011-03-16,4.88,1.99,288.99999999999994
2011-03-23,4.76,1.94,282.0
2011-03-30,4.81,1.9,290.99999999999994
2011-04-06,4.86,1.85,301.0
2011-04-13,4.87,1.85,302.0
2011-04-20,4.91,1.86,305.0
2011-04-27,4.8,1.85,295.0
2011-05-04,4.78,1.87,291.0
2011-05-11,4.71,1.89,282.0
2011-05-18,4.63,1.89,274.0
2011-05-25,4.61,1.92,269.00000000000006
2011-06-01,4.6,1.97,263.0
2011-06-08,4.55,2.02,252.99999999999997
2011-06-15,4.49,2.04,245.00000000000003
2011-06-22,4.5,2.06,244.0
2011-06-29,4.5,2.07,243.00000000000003
2011-07-06,4.51,2.02,248.99999999999997
2011-07-13,4.6,2.05,254.99999999999997
2011-07-20,4.51,2.06,244.99999999999997
2011-07-27,4.52,2.03,248.99999999999997
2011-08-03,4.55,2.06,248.99999999999997
2011-08-10,4.39,2.41,197.99999999999994
2011-08-17,4.32,2.48,184.00000000000003
2011-08-24,4.15,2.65,150.00000000000006
2011-08-31,4.22,2.66,155.99999999999997
2011-09-07,4.22,2.68,153.99999999999997
2011-09-14,4.12,2.79,133.0
2011-09-21,4.09,2.85,123.99999999999997
2011-09-28,4.09,3.05,104.0
2011-10-05,4.01,3.26,75.0
2011-10-12,3.94,3.07,87.00000000000001
2011-10-19,4.12,2.93,119.0
2011-10-26,4.11,2.81,130.00000000000003
2011-11-02,4.1,2.8,129.99999999999997
2011-11-09,4.0,2.87,112.99999999999999
2011-11-16,3.99,2.95,104.0
2011-11-23,3.98,3.11,87.00000000000001
2011-12-07,4.0,3.06,94.0
2011-12-14,3.99,3.11,88.00000000000003
2011-12-21,3.94,3.1,83.99999999999999
2011-12-28,3.91,3.08,83.0
2012-01-04,3.95,3.1,85.00000000000001
2012-01-11,3.91,3.07,84.00000000000003
2012-01-18,3.89,3.02,87.00000000000001
2012-01-25,3.88,2.91,96.99999999999997
2012-02-01,3.98,2.85,112.99999999999999
2012-02-08,3.87,2.73,114.00000000000001
2012-02-15,3.87,2.69,118.00000000000001
2012-02-22,3.87,2.64,123.0
2012-02-29,3.95,2.55,140.00000000000003
2012-03-07,3.9,2.55,135.0
2012-03-14,3.88,2.44,144.0
2012-03-21,3.92,2.39,152.99999999999997
2012-03-28,4.08,2.41,167.0
2012-04-04,3.99,2.45,154.0
2012-04-11,3.98,2.55,143.00000000000003
2012-04-18,3.88,2.53,135.0
2012-04-25,3.9,2.54,136.0
2012-05-02,3.88,2.53,135.0
2012-05-09,3.84,2.55,129.0
2012-05-16,3.83,2.65,118.00000000000001
2012-05-23,3.79,2.79,100.0
2012-05-30,3.78,2.82,96.0
2012-06-06,3.75,2.86,89.00000000000001
2012-06-13,3.67,2.83,83.99999999999999
2012-06-20,3.71,2.76,95.00000000000001
2012-06-27,3.66,2.76,90.00000000000003
2012-07-04,3.66,2.72,94.0
2012-07-11,3.62,2.69,93.00000000000001
2012-07-18,3.56,2.61,95.00000000000001
2012-07-25,3.53,2.63,89.99999999999999
2012-08-01,3.49,2.53,96.00000000000004
2012-08-08,3.55,2.47,107.99999999999996
2012-08-15,3.59,2.44,114.99999999999999
2012-08-22,3.62,2.43,119.0
2012-08-29,3.66,2.43,123.0
2012-09-05,3.59,2.44,114.99999999999999
2012-09-12,3.55,2.35,119.99999999999997
2012-09-19,3.55,2.23,131.99999999999997
2012-09-26,3.49,2.27,122.00000000000001
2012-10-03,3.4,2.23,117.0
2012-10-10,3.36,2.15,121.0
2012-10-17,3.39,1.99,140.0
2012-10-24,3.37,2.0,137.0
2012-10-31,3.41,2.02,139.0
2012-11-07,3.39,2.06,133.0
2012-11-14,3.4,2.13,127.0
2012-11-21,3.31,2.14,117.0
2012-12-05,3.32,2.13,119.0
2012-12-12,3.34,2.1,123.99999999999997
2012-12-19,3.32,2.04,127.99999999999999
2012-12-26,3.37,2.03,134.00000000000003
2013-01-02,3.35,1.99,136.0
2013-01-09,3.34,1.94,140.0
2013-01-16,3.4,1.94,146.0
2013-01-23,3.38,1.93,145.0
2013-01-30,3.42,1.92,150.0
2013-02-06,3.53,1.98,154.99999999999997
2013-02-13,3.53,1.96,156.99999999999997
2013-02-20,3.53,1.96,156.99999999999997
2013-02-27,3.56,1.98,158.0
2013-03-06,3.51,1.97,153.99999999999997
2013-03-13,3.52,1.94,158.0
2013-03-20,3.63,1.96,167.0
2013-03-27,3.54,1.99,155.0
2013-04-03,3.57,2.02,154.99999999999997
2013-04-10,3.54,1.97,157.0
2013-04-17,3.43,1.98,145.00000000000003
2013-04-24,3.41,1.96,145.00000000000003
2013-05-01,3.4,1.96,144.0
2013-05-08,3.35,1.9,145.00000000000003
2013-05-15,3.42,1.89,153.0
2013-05-22,3.51,1.87,163.99999999999997
2013-05-29,3.59,1.91,168.0
2013-06-05,3.81,2.03,178.00000000000003
2013-06-12,3.91,2.1,181.0
2013-06-19,3.98,2.08,190.0
2013-06-26,3.93,2.24,169.0
2013-07-03,4.29,2.21,208.0
2013-07-17,4.51,2.11,240.0
2013-07-24,4.37,2.04,233.0
2013-07-31,4.31,2.07,223.99999999999997
2013-08-07,4.39,2.08,230.99999999999997
2013-08-14,4.4,2.07,233.00000000000006
2013-08-21,4.4,2.11,229.00000000000006
2013-08-28,4.58,2.11,247.00000000000003
2013-09-04,4.51,2.09,242.0
2013-09-11,4.57,2.09,248.00000000000006
2013-09-18,4.57,2.1,247.00000000000003
2013-09-25,4.5,2.06,244.0
2013-10-02,4.32,2.08,224.00000000000003
2013-10-09,4.22,2.05,217.0
2013-10-16,4.23,2.0,223.00000000000006
2013-10-23,4.28,1.95,233.0
2013-10-30,4.13,1.95,217.99999999999997
2013-11-06,4.1,1.96,213.99999999999997
2013-11-13,4.16,1.97,219.00000000000003
2013-11-20,4.35,1.93,242.0
2013-11-27,4.29,1.91,238.0
2013-12-11,4.46,1.85,261.0
2013-12-18,4.42,1.8,262.0
2013-12-25,4.47,1.75,272.0
2014-01-01,4.48,1.74,274.0
2014-01-08,4.53,1.71,282.0
2014-01-15,4.51,1.7,280.99999999999994
2014-01-22,4.41,1.68,273.00000000000006
2014-01-29,4.39,1.76,263.0
2014-02-05,4.32,1.78,254.0
2014-02-12,4.23,1.73,250.00000000000006
2014-02-19,4.28,1.7,258.0
2014-02-26,4.33,1.68,265.00000000000006
2014-03-05,4.37,1.66,271.0
2014-03-12,4.28,1.69,259.00000000000006
2014-03-19,4.37,1.65,272.0
2014-03-26,4.32,1.63,269.00000000000006
2014-04-02,4.4,1.58,282.0
2014-04-09,4.41,1.57,284.0
2014-04-16,4.34,1.57,276.99999999999994
2014-04-23,4.27,1.54,272.99999999999994
2014-04-30,4.33,1.54,279.0
2014-05-07,4.29,1.53,276.0
2014-05-14,4.21,1.52,269.0
2014-05-21,4.2,1.52,268.0
2014-05-28,4.14,1.51,263.0
2014-06-04,4.12,1.49,263.0
2014-06-11,4.14,1.45,268.99999999999994
2014-06-18,4.2,1.45,275.0
2014-06-25,4.17,1.43,274.0
2014-07-02,4.14,1.43,271.0
2014-07-09,4.12,1.43,269.00000000000006
2014-07-16,4.15,1.43,272.00000000000006
2014-07-23,4.13,1.46,267.0
2014-07-30,4.13,1.45,268.0
2014-08-06,4.12,1.53,259.0
2014-08-13,4.14,1.53,260.99999999999994
2014-08-20,4.12,1.51,261.00000000000006
2014-08-27,4.1,1.49,260.99999999999994
2014-09-03,4.1,1.48,261.99999999999994
2014-09-10,4.1,1.5,259.99999999999994
2014-09-17,4.12,1.52,260.0
2014-09-24,4.23,1.52,271.00000000000006
2014-10-01,4.2,1.61,259.0
2014-10-08,4.19,1.63,256.00000000000006
2014-10-15,4.12,1.7,242.0
2014-10-22,3.97,1.68,229.0
2014-10-29,3.92,1.67,225.0
2014-11-05,3.98,1.7,228.00000000000003
2014-11-12,4.02,1.73,228.99999999999997
2014-11-19,4.01,1.79,221.99999999999997
2014-11-26,3.97,1.78,219.00000000000003
2014-12-10,3.89,1.94,195.00000000000003
2014-12-17,3.93,2.07,186.00000000000003
2014-12-24,3.83,1.97,186.0
2014-12-31,3.87,1.98,189.0
2015-01-14,3.73,2.11,162.0
2015-01-21,3.66,2.1,156.0
2015-01-28,3.63,2.09,154.0
2015-02-04,3.66,2.08,158.0
2015-02-11,3.59,2.01,158.0
2015-02-18,3.69,1.93,176.0
2015-02-25,3.76,1.93,182.99999999999997
2015-03-04,3.8,1.78,201.99999999999994
2015-03-11,3.75,1.8,195.0
2015-03-18,3.86,1.88,198.0
2015-03-25,3.78,1.86,191.99999999999997
2015-04-01,3.69,1.83,186.0
2015-04-08,3.7,1.78,192.00000000000003
2015-04-15,3.66,1.77,189.0
2015-04-22,3.67,1.76,191.0
2015-04-29,3.65,1.76,189.0
2015-05-06,3.68,1.76,192.00000000000003
2015-05-13,3.8,1.77,202.99999999999997
2015-05-20,3.85,1.77,208.0
2015-05-27,3.84,1.79,204.99999999999997
2015-06-03,3.87,1.82,204.99999999999997
2015-06-10,3.87,1.85,202.0
2015-06-17,4.04,1.89,215.00000000000003
2015-06-24,4.0,1.89,211.00000000000003
2015-07-01,4.02,1.91,210.99999999999994
2015-07-08,4.08,1.97,211.00000000000003
2015-07-15,4.04,1.96,208.0
2015-07-22,4.09,1.99,209.99999999999997
2015-07-29,4.04,2.05,199.00000000000003
2015-08-05,3.98,2.08,190.0
2015-08-12,3.91,2.16,175.0
2015-08-19,3.94,2.2,173.99999999999997
2015-08-26,3.93,2.29,164.0
2015-09-02,3.84,2.24,159.99999999999997
2015-09-09,3.89,2.21,168.00000000000003
2015-09-16,3.9,2.2,169.99999999999997
2015-09-23,3.91,2.24,167.0
2015-09-30,3.86,2.4,146.0
2015-10-07,3.85,2.34,151.00000000000003
2015-10-14,3.76,2.34,142.0
2015-10-21,3.82,2.29,152.99999999999997
2015-10-28,3.79,2.25,154.0
2015-11-04,3.76,2.19,156.99999999999997
2015-11-11,3.87,2.18,169.0
2015-11-18,3.98,2.22,175.99999999999997
2015-11-25,3.95,2.24,171.0
2015-12-09,3.93,2.3,163.00000000000003
2015-12-16,3.95,2.39,156.0
2015-12-23,3.97,2.42,155.00000000000003
2015-12-30,3.96,2.4,156.0
2016-01-06,4.01,2.43,157.99999999999997
2016-01-13,3.97,2.53,144.00000000000003
2016-01-20,3.92,2.75,117.0
2016-01-27,3.81,2.77,104.0
2016-02-03,3.79,2.86,93.00000000000001
2016-02-10,3.72,2.97,75.0
2016-02-17,3.65,2.98,67.0
2016-02-24,3.65,2.94,71.0
2016-03-02,3.62,2.73,89.00000000000001
2016-03-09,3.64,2.61,103.00000000000003
2016-03-16,3.68,2.47,121.0
2016-03-23,3.73,2.35,138.0
2016-03-30,3.71,2.36,135.0
2016-04-06,3.71,2.3,141.0
2016-04-13,3.59,2.26,133.0
2016-04-20,3.58,2.14,144.0
2016-04-27,3.59,2.07,152.0
2016-05-04,3.66,2.09,157.00000000000003
2016-05-11,3.61,2.12,148.99999999999997
2016-05-18,3.57,2.09,148.0
2016-05-25,3.58,2.09,149.00000000000003
2016-06-01,3.64,2.07,157.00000000000003
2016-06-08,3.66,2.05,161.00000000000003
2016-06-15,3.6,2.12,148.0
2016-06-22,3.54,2.07,147.00000000000003
2016-06-29,3.56,2.13,143.00000000000003
2016-07-06,3.48,2.11,137.0
2016-07-13,3.41,2.0,141.0
2016-07-20,3.42,1.94,148.0
2016-07-27,3.45,1.94,151.00000000000003
2016-08-03,3.48,1.98,150.0
2016-08-10,3.43,1.92,151.00000000000003
2016-08-17,3.45,1.86,159.0
2016-08-24,3.43,1.83,160.0
2016-08-31,3.43,1.83,160.0
2016-09-07,3.46,1.83,163.0
2016-09-14,3.44,1.85,159.0
2016-09-21,3.5,1.85,165.0
2016-09-28,3.48,1.85,163.0
2016-10-05,3.42,1.81,161.0
2016-10-12,3.42,1.77,165.0
2016-10-19,3.47,1.75,172.00000000000003
2016-10-26,3.52,1.76,176.0
2016-11-02,3.47,1.81,166.0
2016-11-09,3.54,1.78,176.0
2016-11-16,3.57,1.77,179.99999999999997
2016-11-23,4.03,1.77,226.00000000000003
2016-12-07,4.08,1.72,236.00000000000003
2016-12-14,4.13,1.66,246.99999999999997
2016-12-21,4.16,1.65,251.00000000000003
2016-12-28,4.3,1.64,266.0
2017-01-04,4.32,1.63,269.00000000000006
2017-01-11,4.2,1.64,256.00000000000006
2017-01-18,4.12,1.63,249.00000000000003
2017-01-25,4.09,1.6,248.99999999999997
2017-02-01,4.19,1.61,258.0
2017-02-08,4.19,1.62,257.0
2017-02-15,4.17,1.56,261.0
2017-02-22,4.15,1.56,259.00000000000006
2017-03-01,4.16,1.52,264.0
2017-03-08,4.1,1.52,257.99999999999994
2017-03-15,4.21,1.56,265.0
2017-03-22,4.3,1.56,274.0
2017-03-29,4.23,1.55,268.00000000000006
2017-04-05,4.14,1.58,255.99999999999997
2017-04-12,4.1,1.57,252.99999999999994
2017-04-19,4.08,1.59,249.00000000000003
2017-04-26,3.97,1.55,242.0
2017-05-03,4.03,1.54,249.00000000000003
2017-05-10,4.02,1.5,251.99999999999994
2017-05-17,4.05,1.49,255.99999999999997
2017-05-24,4.02,1.49,252.99999999999994
2017-05-31,3.95,1.51,244.00000000000003
2017-06-07,3.94,1.5,244.0
2017-06-14,3.89,1.48,241.0
2017-06-21,3.91,1.49,242.0
2017-06-28,3.9,1.47,242.99999999999997
2017-07-05,3.88,1.45,242.99999999999997
2017-07-12,3.96,1.43,253.00000000000003
2017-07-19,4.03,1.4,263.00000000000006
2017-07-26,3.96,1.38,258.0
2017-08-02,3.92,1.39,253.00000000000003
2017-08-09,3.93,1.44,249.00000000000003
2017-08-16,3.9,1.46,244.0
2017-08-23,3.89,1.47,242.0
2017-08-30,3.86,1.47,238.99999999999997
2017-09-06,3.82,1.48,234.0
2017-09-13,3.78,1.47,230.99999999999997
2017-09-20,3.78,1.41,237.0
2017-09-27,3.83,1.39,244.00000000000003
2017-10-04,3.83,1.34,249.00000000000003
2017-10-11,3.85,1.33,252.0
2017-10-18,3.91,1.32,259.0
2017-10-25,3.88,1.29,259.0
2017-11-01,3.94,1.31,263.0
2017-11-08,3.94,1.35,259.0
2017-11-15,3.9,1.39,250.99999999999997
2017-11-22,3.92,1.35,257.0
2017-12-06,3.9,1.32,258.0
2017-12-13,3.94,1.31,263.0
2017-12-20,3.93,1.28,265.00000000000006
2017-12-27,3.94,1.28,266.0
2018-01-03,3.99,1.27,272.0
2018-01-10,3.95,1.23,272.0
2018-01-17,3.99,1.21,278.0
2018-01-24,4.04,1.2,284.0
2018-01-31,4.15,1.17,298.00000000000006
2018-02-07,4.22,1.18,304.0
2018-02-14,4.32,1.25,307.0
2018-02-21,4.38,1.24,313.99999999999994
2018-02-28,4.4,1.28,312.0
2018-03-07,4.43,1.31,311.99999999999994
2018-03-14,4.46,1.36,309.99999999999994
2018-03-21,4.44,1.39,305.00000000000006
2018-03-28,4.45,1.44,301.0
2018-04-04,4.44,1.44,300.00000000000006
2018-04-11,4.4,1.41,299.0
2018-04-18,4.42,1.38,304.0
2018-04-25,4.47,1.39,308.0
2018-05-02,4.58,1.45,313.0
2018-05-09,4.55,1.47,308.0
2018-05-16,4.55,1.44,311.0
2018-05-23,4.61,1.46,315.00000000000006
2018-05-30,4.66,1.52,314.0
2018-06-06,4.56,1.52,303.99999999999994
2018-06-13,4.54,1.53,301.0
2018-06-20,4.62,1.57,305.0
2018-06-27,4.57,1.62,295.0
2018-07-04,4.55,1.63,292.0
2018-07-11,4.52,1.57,294.99999999999994
2018-07-18,4.53,1.54,299.0
2018-07-25,4.52,1.49,302.99999999999994
2018-08-01,4.54,1.46,308.0
2018-08-08,4.6,1.46,313.99999999999994
2018-08-15,4.59,1.52,307.0
2018-08-22,4.53,1.51,302.00000000000006
2018-08-29,4.51,1.5,301.0
2018-09-05,4.52,1.53,298.99999999999994
2018-09-12,4.54,1.5,304.0
2018-09-19,4.6,1.45,314.99999999999994
2018-09-26,4.65,1.43,322.00000000000006
2018-10-03,4.72,1.41,330.99999999999994
2018-10-10,4.71,1.43,328.0
2018-10-17,4.9,1.47,343.00000000000006
2018-10-24,4.85,1.51,334.0
2018-10-31,4.86,1.58,328.0
2018-11-07,4.83,1.55,328.0
2018-11-14,4.94,1.64,330.00000000000006
2018-11-21,4.81,1.75,305.99999999999994
2018-12-05,4.81,1.86,294.99999999999994
2018-12-12,4.75,1.9,285.0
2018-12-19,4.63,1.9,273.0
2018-12-26,4.62,1.98,264.0
2019-01-02,4.55,2.03,252.0
2019-01-09,4.51,1.97,254.0
2019-01-16,4.45,1.93,252.00000000000006
2019-01-23,4.45,1.85,260.0
2019-01-30,4.45,1.81,264.0
2019-02-06,4.46,1.71,275.0
2019-02-13,4.41,1.72,269.00000000000006
2019-02-20,4.37,1.72,265.00000000000006
2019-02-27,4.35,1.69,265.99999999999994
2019-03-06,4.35,1.66,268.99999999999994
2019-03-13,4.41,1.66,275.0
2019-03-20,4.31,1.63,268.0
2019-03-27,4.28,1.62,266.0
2019-04-03,4.06,1.6,245.99999999999994
2019-04-10,4.08,1.56,252.0
2019-04-17,4.12,1.49,263.0
2019-04-24,4.17,1.5,267.0
2019-05-01,4.2,1.5,270.0
2019-05-08,4.14,1.53,260.99999999999994
2019-05-15,4.1,1.58,251.99999999999994
2019-05-22,4.07,1.59,248.00000000000006
2019-05-29,4.06,1.68,238.0
2019-06-05,3.99,1.7,229.0
2019-06-12,3.82,1.68,213.99999999999997
2019-06-19,3.82,1.66,216.0
2019-06-26,3.84,1.58,225.99999999999997
2019-07-03,3.75,1.54,221.0
2019-07-17,3.75,1.52,223.0
2019-07-24,3.81,1.49,232.00000000000003
2019-07-31,3.75,1.47,228.00000000000003
2019-08-07,3.75,1.62,213.0
2019-08-14,3.6,1.65,195.00000000000003
2019-08-21,3.6,1.63,197.00000000000003
2019-08-28,3.55,1.62,192.99999999999997
2019-09-04,3.58,1.63,195.00000000000003
2019-09-11,3.49,1.59,190.0
2019-09-18,3.56,1.54,202.0
2019-09-25,3.73,1.54,219.0
2019-10-02,3.64,1.59,204.99999999999997
2019-10-09,3.65,1.61,204.0
2019-10-16,3.57,1.53,204.0
2019-10-23,3.69,1.5,219.0
2019-10-30,3.75,1.46,229.0
2019-11-06,3.78,1.45,233.0
2019-11-13,3.69,1.44,225.0
2019-11-20,3.75,1.46,229.0
2019-11-27,3.68,1.43,225.0
2019-12-11,3.68,1.39,229.0
2019-12-18,3.73,1.31,242.0
2019-12-25,3.73,1.29,244.0
2020-01-01,3.74,1.3,244.00000000000003
2020-01-08,3.72,1.32,240.00000000000003
2020-01-15,3.64,1.3,234.0
2020-01-22,3.65,1.27,238.0
2020-01-29,3.6,1.33,227.0
2020-02-05,3.51,1.34,217.0
2020-02-12,3.45,1.31,214.0
2020-02-19,3.47,1.31,216.0
2020-02-26,3.49,1.46,203.00000000000003
2020-03-04,3.45,1.66,179.00000000000003
2020-03-11,3.29,2.47,81.99999999999999
2020-03-18,3.36,3.68,-32.00000000000003
2020-03-25,3.65,4.48,-83.00000000000006
2020-04-01,3.5,3.98,-48.0
2020-04-08,3.33,3.72,-39.000000000000014
2020-04-15,3.33,3.13,20.000000000000018
2020-04-22,3.31,3.14,16.999999999999993
2020-04-29,3.33,3.06,27.0
2020-05-06,3.23,2.83,39.99999999999999
2020-05-13,3.26,2.86,39.99999999999999
2020-05-20,3.28,2.63,64.99999999999999
2020-05-27,3.24,2.48,76.00000000000003
2020-06-03,3.15,2.27,87.99999999999999
2020-06-10,3.18,2.08,110.00000000000001
2020-06-17,3.21,2.03,118.00000000000001
2020-06-24,3.13,2.06,106.99999999999999
2020-07-01,3.13,2.04,108.99999999999999
2020-07-08,3.07,1.97,109.99999999999999
2020-07-15,3.03,1.94,108.99999999999999
2020-07-22,2.98,1.83,114.99999999999999
2020-07-29,3.01,1.83,117.99999999999997
2020-08-05,2.99,1.8,119.00000000000001
2020-08-12,2.88,1.74,113.99999999999999
2020-08-19,2.96,1.78,118.0
2020-08-26,2.99,1.78,121.00000000000001
2020-09-02,2.91,1.73,118.00000000000001
2020-09-09,2.93,1.77,116.00000000000001
2020-09-16,2.86,1.74,111.99999999999999
2020-09-23,2.87,1.78,109.00000000000001
2020-09-30,2.9,1.84,105.99999999999999
2020-10-07,2.88,1.75,112.99999999999999
2020-10-14,2.87,1.71,116.00000000000001
2020-10-21,2.81,1.69,112.00000000000001
2020-10-28,2.8,1.7,109.99999999999999
2020-11-04,2.81,1.66,115.00000000000001
2020-11-11,2.78,1.52,125.99999999999997
2020-11-18,2.84,1.49,135.0
2020-11-25,2.72,1.44,128.00000000000003
2020-12-09,2.71,1.39,132.0
2020-12-16,2.71,1.36,135.0
2020-12-23,2.67,1.33,134.0
2020-12-30,2.66,1.3,136.0
2021-01-06,2.67,1.31,136.0
2021-01-13,2.65,1.26,139.0
2021-01-20,2.79,1.23,156.0
2021-01-27,2.77,1.28,149.0
2021-02-03,2.73,1.27,146.0
2021-02-10,2.73,1.22,151.0
2021-02-17,2.73,1.18,155.0
2021-02-24,2.81,1.2,161.0
2021-03-03,2.97,1.19,178.00000000000003
2021-03-10,3.02,1.28,174.0
2021-03-17,3.05,1.26,178.99999999999997
2021-03-24,3.09,1.25,184.0
2021-03-31,3.17,1.19,198.0
2021-04-07,3.18,1.17,201.00000000000003
2021-04-14,3.13,1.16,197.0
2021-04-21,3.04,1.19,185.0
2021-04-28,2.97,1.16,181.00000000000003
2021-05-05,2.98,1.16,182.0
2021-05-12,2.96,1.15,181.0
2021-05-19,2.94,1.14,180.0
2021-05-26,3.0,1.13,187.0
2021-06-02,2.95,1.13,182.00000000000003
2021-06-09,2.99,1.13,186.00000000000003
2021-06-16,2.96,1.08,188.0
2021-06-23,2.93,1.09,184.0
2021-06-30,3.02,1.07,195.0
2021-07-07,2.98,1.09,189.0
2021-07-14,2.9,1.1,179.99999999999997
2021-07-21,2.88,1.14,174.0
2021-07-28,2.78,1.12,165.99999999999997
2021-08-04,2.8,1.15,165.0
2021-08-11,2.77,1.15,162.0
2021-08-18,2.87,1.16,171.00000000000003
2021-08-25,2.86,1.15,171.0
2021-09-01,2.87,1.14,173.00000000000003
2021-09-08,2.87,1.14,173.00000000000003
2021-09-15,2.88,1.12,175.99999999999997
2021-09-22,2.86,1.11,174.99999999999997
2021-09-29,2.88,1.07,180.99999999999997
2021-10-06,3.01,1.11,189.99999999999997
2021-10-13,2.99,1.12,187.0
2021-10-20,3.05,1.1,194.99999999999997
2021-10-27,3.09,1.1,198.99999999999997
2021-11-03,3.14,1.12,202.0
2021-11-10,2.98,1.11,187.0
2021-11-24,3.1,1.17,193.00000000000003
2021-12-08,3.11,1.22,189.0
2021-12-15,3.1,1.24,186.0
2021-12-22,3.12,1.24,188.0
2021-12-29,3.05,1.2,185.0
2022-01-05,3.11,1.17,194.0
2022-01-12,3.22,1.19,203.00000000000003
2022-01-19,3.45,1.22,223.00000000000006
2022-01-26,3.56,1.26,229.99999999999997
2022-02-02,3.55,1.32,222.99999999999994
2022-02-09,3.55,1.33,221.99999999999997
2022-02-16,3.69,1.39,229.99999999999997
2022-02-23,3.92,1.5,242.0
2022-03-02,3.89,1.64,225.0
2022-03-09,3.76,1.79,196.99999999999997
2022-03-16,3.85,1.79,206.0
2022-03-23,4.16,1.63,253.00000000000003
2022-03-30,4.42,1.56,286.0
2022-04-06,4.67,1.44,323.0
2022-04-13,4.72,1.55,317.0
2022-04-20,5.0,1.56,344.0
2022-04-27,5.11,1.68,343.00000000000006
2022-05-04,5.1,1.71,338.99999999999994
2022-05-11,5.27,1.77,349.99999999999994
2022-05-18,5.3,1.86,343.99999999999994
2022-05-25,5.25,1.83,342.0
2022-06-01,5.1,1.7,339.99999999999994
2022-06-08,5.09,1.69,340.0
2022-06-15,5.23,1.8,343.00000000000006
2022-06-22,5.78,1.91,387.0
2022-06-29,5.81,1.97,384.0
2022-07-06,5.7,2.06,364.0
2022-07-13,5.3,2.0,330.0
2022-07-20,5.51,1.92,359.0
2022-07-27,5.54,1.95,359.0
2022-08-03,5.3,1.88,342.0
2022-08-10,4.99,1.83,316.0
2022-08-17,5.22,1.76,346.0
2022-08-24,5.13,1.8,333.0
2022-08-31,5.55,1.85,370.0
2022-09-07,5.66,1.88,378.0
2022-09-14,5.89,1.82,406.99999999999994
2022-09-21,6.02,1.83,418.99999999999994
2022-09-28,6.29,2.06,423.00000000000006
2022-10-05,6.7,1.99,471.0
2022-10-12,6.66,2.1,456.00000000000006
2022-10-19,6.92,2.08,484.0
2022-10-26,6.94,2.05,489.00000000000006
2022-11-02,7.08,1.99,509.0
2022-11-09,6.95,1.97,498.00000000000006
2022-11-16,7.08,1.83,525.0
2022-11-23,6.58,1.76,482.0
2022-12-07,6.49,1.74,475.0
2022-12-14,6.33,1.7,463.0
2022-12-21,6.31,1.74,456.99999999999994
2022-12-28,6.27,1.73,453.9999999999999
2023-01-04,6.42,1.73,468.99999999999994
2023-01-11,6.48,1.65,483.0
2023-01-18,6.33,1.6,473.00000000000006
2023-01-25,6.15,1.59,456.00000000000006
2023-02-01,6.13,1.56,457.0
2023-02-08,6.09,1.51,458.0
2023-02-15,6.12,1.54,458.0
2023-02-22,6.32,1.59,473.00000000000006
2023-03-01,6.5,1.59,491.0
2023-03-08,6.65,1.58,507.0
2023-03-15,6.73,1.98,475.0
2023-03-22,6.6,1.83,476.99999999999994
2023-03-29,6.42,1.83,459.0
2023-04-05,6.32,1.78,454.0
2023-04-12,6.28,1.76,452.00000000000006
2023-04-19,6.27,1.69,458.0
2023-04-26,6.39,1.73,466.0
2023-05-03,6.43,1.79,463.99999999999994
2023-05-10,6.39,1.83,455.99999999999994
2023-05-17,6.35,1.83,451.99999999999994
2023-05-24,6.39,1.78,460.99999999999994
2023-05-31,6.57,1.76,481.00000000000006
2023-06-07,6.79,1.73,506.00000000000006
2023-06-14,6.71,1.7,501.0
2023-06-21,6.69,1.67,502.00000000000006
2023-06-28,6.67,1.65,501.99999999999994
2023-07-05,6.71,1.58,513.0
2023-07-12,6.81,1.56,525.0
2023-07-19,6.96,1.57,539.0
2023-07-26,6.78,1.52,526.0
2023-08-02,6.81,1.5,531.0
2023-08-09,6.9,1.52,538.0000000000001
2023-08-16,6.96,1.53,543.0
2023-08-23,7.09,1.54,555.0
2023-08-30,7.23,1.51,572.0000000000001
2023-09-06,7.18,1.52,566.0
2023-09-13,7.12,1.53,559.0
2023-09-20,7.18,1.48,569.9999999999999
2023-09-27,7.19,1.49,570.0
2023-10-04,7.31,1.58,573.0
2023-10-11,7.49,1.57,592.0
2023-10-18,7.57,1.58,599.0
2023-10-25,7.63,1.59,604.0
2023-11-01,7.79,1.63,616.0
2023-11-08,7.76,1.58,618.0
2023-11-15,7.5,1.51,599.0
2023-11-22,7.29,1.43,586.0
2023-12-06,7.22,1.4,582.0
2023-12-13,7.03,1.35,568.0
2023-12-20,6.95,1.33,562.0
2023-12-27,6.67,1.31,536.0
2024-01-03,6.61,1.34,527.0
2024-01-10,6.62,1.28,534.0
2024-01-17,6.66,1.26,540.0
2024-01-24,6.6,1.23,536.9999999999999
2024-01-31,6.69,1.26,543.0000000000001
2024-02-07,6.63,1.24,539.0
2024-02-14,6.64,1.22,542.0
2024-02-21,6.77,1.18,559.0
2024-02-28,6.9,1.22,568.0000000000001
2024-03-06,6.94,1.25,569.0
2024-03-13,6.88,1.19,569.0
2024-03-20,6.74,1.16,558.0
2024-03-27,6.87,1.16,571.0
2024-04-03,6.79,1.14,565.0
2024-04-10,6.82,1.11,571.0
2024-04-17,6.88,1.17,571.0
2024-04-24,7.1,1.14,596.0
2024-05-01,7.17,1.14,603.0
2024-05-08,7.22,1.11,611.0
2024-05-15,7.09,1.12,597.0
2024-05-22,7.02,1.11,590.9999999999999
2024-05-29,6.94,1.09,585.0
2024-06-05,7.03,1.13,590.0
2024-06-12,6.99,1.12,587.0
2024-06-19,6.95,1.18,577.0
2024-06-26,6.87,1.18,569.0
2024-07-03,6.95,1.15,580.0000000000001
2024-07-17,6.89,1.15,574.0
2024-07-24,6.77,1.18,559.0
2024-07-31,6.78,1.2,558.0
2024-08-07,6.73,1.31,542.0
2024-08-14,6.47,1.26,521.0
2024-08-21,6.49,1.22,527.0
2024-08-28,6.46,1.19,527.0
2024-09-04,6.35,1.23,511.99999999999994
2024-09-11,6.35,1.25,509.99999999999994
2024-09-18,6.2,1.19,501.0
2024-09-25,6.09,1.15,493.99999999999994
2024-10-02,6.08,1.15,493.0
2024-10-09,6.12,1.08,504.0
2024-10-16,6.32,1.05,527.0
2024-10-23,6.44,1.08,536.0
2024-10-30,6.54,1.06,548.0
2024-11-06,6.72,1.01,571.0
2024-11-13,6.79,0.99,580.0
2024-11-20,6.78,1.01,577.0
2024-11-27,6.81,1.02,578.9999999999999
2024-12-11,6.69,0.98,571.0000000000001
2024-12-18,6.6,0.98,561.9999999999999
2024-12-25,6.72,1.01,571.0
2025-01-01,6.85,1.02,583.0
2025-01-08,6.91,1.03,588.0
2025-01-15,6.93,1.03,590.0
2025-01-22,7.04,1.01,603.0
2025-01-29,6.96,1.01,595.0
2025-02-05,6.95,1.03,592.0
2025-02-12,6.89,1.01,588.0
2025-02-19,6.87,0.99,588.0
2025-02-26,6.85,1.04,581.0
2025-03-05,6.76,1.08,568.0
2025-03-12,6.63,1.17,546.0
2025-03-19,6.65,1.13,552.0
2025-03-26,6.67,1.13,554.0
2025-04-02,6.65,1.19,546.0000000000001
2025-04-09,6.64,1.49,515.0
2025-04-16,6.62,1.41,521.0
2025-04-23,6.83,1.35,548.0
2025-04-30,6.81,1.37,544.0
2025-05-07,6.76,1.32,544.0
2025-05-14,6.76,1.18,558.0
2025-05-21,6.81,1.15,566.0
2025-05-28,6.86,1.14,572.0000000000001
2025-06-04,6.89,1.12,577.0
2025-06-11,6.85,1.09,576.0
2025-06-18,6.81,1.1,570.9999999999999
2025-07-02,6.77,1.03,573.9999999999999
2025-07-09,6.67,1.04,563.0
2025-07-16,6.72,1.02,569.9999999999999
2025-07-23,6.75,1.0,575.0
2025-07-30,6.74,0.99,575.0
2025-08-06,6.72,1.02,569.9999999999999
2025-08-13,6.63,0.98,565.0
2025-08-20,6.58,0.98,560.0
2025-08-27,6.58,0.99,559.0
2025-09-03,6.56,1.02,553.9999999999999
2025-09-10,6.5,1.0,550.0
2025-09-17,6.35,0.96,539.0
2025-09-24,6.26,0.95,531.0
2025-10-01,6.3,0.97,533.0
2025-10-08,6.34,0.95,539.0
2025-10-15,6.3,0.99,531.0
2025-10-22,6.27,1.02,525.0
2025-10-29,6.19,0.96,523.0
2025-11-05,6.17,1.02,515.0
2025-11-12,6.22,1.05,517.0
2025-11-19,6.24,1.07,517.0
2025-11-26,6.23,1.05,518.0000000000001
2025-12-10,6.19,1.0,519.0
2025-12-17,6.22,1.03,519.0
2025-12-24,6.18,1.0,518.0
2025-12-31,6.15,1.01,514.0
2026-01-14,6.16,0.98,518.0
2026-01-21,6.06,0.95,510.99999999999994
2026-01-28,6.09,0.94,515.0
